ID,domain,topic,year,month,rating,clean_text,URL,unique_keyword_count,Rating Manual Label,Title,LLM_text,Image
1,www.cnn.com,economics,2022,4,Reliable,"Warnings of a potential recession aren’t surprising given how many tripwires there are in today’s economy.
A push by the Federal Reserve to raise interest rates and combat high inflation. Supply chain shortages. An ongoing global health crisis. And of course, the geopolitical earthquake caused by Russia’s invasion of Ukraine, which is also threatening to create a world food crisis.
Even if the US doesn’t fall into a recession – and there are signs it may not – there are plenty of economic headwinds that could have potentially negative effects on your finances. Here are ways to assess your situation and guard against losses.
With ultra-low unemployment and plenty of openings, it’s a job seeker’s market right now. But if there’s a recession, that could change quickly. So make hay while you can.
“If you are not working, or are looking for a better position, now would be a good time to take advantage of the very strong job market and lock in a position,” said Florida-based certified financial planner Mari Adam.
To help in your search, here are some resume dos and don’ts to keep in mind.
If you’ve been on the fence about selling your home, now might be the time to make the leap.
The housing market has been on a tear, with year-over-year prices up 19.8% in February, according to the latest S&P CoreLogic Case-Shiller home price report.
But mortgage rates are also on the rise, which may dampen demand. “I would suggest that anyone planning to put their house on the market do so right away,” said Adam.
Having liquid assets to cover you in emergencies or severe market downturns is always a good idea. But it’s especially crucial when facing big events beyond your control – including layoffs, which typically increase during recessions.
That means having enough money set aside in cash, money market funds or short-term fixed income instruments to cover several months of living expenses, emergencies or any big, anticipated expense (e.g., a down payment or college tuition).
This is also advisable if you are near or in retirement. In that case, you may want to set aside a year or more of living expenses that you would ordinarily pay for with withdrawals from your portfolio, said Rob Williams, managing director of financial planning, retirement income and wealth management at Charles Schwab. This should be the amount you would need to supplement your fixed income payments, such as Social Security or a private pension.
In addition, Williams suggests having two to four years in lower volatility investments like a short-term bond fund.
That will help you ride out any market downturns should one occur and give your investments time to recover.
Rapid-fire news reports about higher energy and food prices or talk of a potential world war or nuclear attack are unnerving.
But making financial decisions based on an emotional response to current events is often a losing proposition.
“Making a radical change in the midst of all this uncertainty is usually a decision that [you’ll] regret,” said Don Bennyhoff, chief investment officer for Liberty Wealth Advisors and a former investment strategist at Vanguard.
Look back at periods of crisis over the last century and you’ll see that stocks typically came back faster than anyone might have expected in the moment, and did well on average over time.
For example, since the financial crisis hit in 2008, the S&P 500 has returned 11% a year on average through 2021, according to data analyzed by First Trust Advisors. The worst year in that period was 2008, when stocks fell 38%. But in most of the years that followed, the index posted a gain. And four of its annual gains ranged between 23% and 30%.
If you go back as far as 1926, that annual average return on the S&P has been 10.5%.
“Staying the course may be hard on your nerves, but it can be healthiest for your portfolio,” Williams said.
It’s easy to say you have a high tolerance for risk when stocks are soaring. But you have to be able to stomach the volatility that inevitably comes with investing over time.
So review your holdings to make sure they still align with your risk tolerance for a potentially rockier road ahead. And while you’re at it, figure out what it means to you to “lose” money.
“There are many definitions of risk and loss,” Bennyhoff said.
For instance, if you’re keeping money in a savings account or CD, any interest you’re earning is likely being outpaced by inflation. So while you preserve your principal, you lose buying power over time.
That said, for longer-term goals, figure out how much you feel comfortable putting at some risk to get a greater return and prevent inflation from eating away at your savings and gains.
“Over time you’re better off and safer as a person if you can grow your wealth,” Adam said.
Given record stock returns in the past few years, now is a good time to rebalance your portfolio if you haven’t done so in a while.
For instance, Adam said, you may be overweight in growth stocks. To help stabilize your returns going forward, she suggested maybe reallocating some money into slower-growing, dividend-paying value stocks through a mutual fund.
And check to see that you have at least some exposure to bonds. While inflation has resulted in the worst quarterly return in high-quality bonds in 40 years, don’t count them out.
“Should a recession result from the Fed’s aggressive interest rate hikes to quell inflation, bonds are likely to do well. Recessions tend to be far kinder to high quality bonds than they are to stocks,” Bennyhoff said.
If you have a large lump sum – maybe you just sold your business or house, or you got an inheritance or big bonus – you may wonder what to do with it now.
Given all the global uncertainty, Adam recommends investing it in smaller chunks periodically – e.g., every month for a given period of time – rather than all at once.
“Space out your investing over time since this week’s news will be different than next week’s news,” she said.
Whatever the news today, building financial security over time requires a cool, steady hand.
“Don’t let your feelings about the economy or the markets sabotage your long-term growth. Stay invested, stay disciplined. History shows that what people – or even experts – think about the market is usually wrong. The best way to meet your long-term goals is just stay invested and stick to your allocation,” Adam said.
Doing so will help minimize any damage a rough market in 2022 may cause.
“If you’ve built an appropriately diversified portfolio that matches your time horizon and risk tolerance, it’s likely the recent market drop will be a mere blip in your long-term investing plan,” Williams said.
Remember, too: It’s impossible to make perfect choices since no one has perfect information.",https://www.cnn.com/2022/04/28/success/money-moves-recession-geopolitical-unrest/index.html,,,Recession fears are mounting. Here’s how to protect your money,"It's not exactly shocking to hear whispers of a looming recession, given all the possible stumbling blocks in today’s economy. The Federal Reserve is hiking interest rates to tackle inflation, there are supply chain hiccups, an ongoing global health crisis, and the geopolitical upheaval from Russia’s invasion of Ukraine is stirring up fears of a worldwide food shortage.

Even if the US manages to sidestep a recession—there are hints it might—numerous economic challenges could still negatively impact your finances. Here’s how to evaluate your situation and protect yourself from potential losses.

With unemployment at rock-bottom levels and jobs galore, it’s a great time to be hunting for work. But a recession could flip that scenario on its head quickly. So, make the most of this opportunity while it lasts. 

“If you’re jobless or seeking something better, now is the perfect time to capitalize on the robust job market and secure a position,” says Mari Adam, a certified financial planner from Florida.

Here are some resume tips and pitfalls to keep in mind during your job search.

If you’ve been toying with the idea of selling your house, now might be the moment to go for it. The housing market has been on fire, with prices jumping 19.8% year-over-year in February, according to the S&P CoreLogic Case-Shiller home price report. However, with mortgage rates climbing, demand might start to cool. “If you’re planning to sell, do it without delay,” advises Adam.

Having liquid assets at your disposal for emergencies or market downturns is always wise, but it’s even more critical when facing uncontrollable major events—like layoffs, which often rise during recessions. 

This means setting aside enough cash, money market funds, or short-term fixed income instruments to cover several months of expenses, emergencies, or any significant planned costs (such as a down payment or college tuition).

This advice is especially relevant if you’re approaching or already in retirement. In that case, consider putting away a year or more of living expenses that you’d typically cover with portfolio withdrawals, suggests Rob Williams, a managing director at Charles Schwab. This should be the amount needed to supplement fixed income sources like Social Security or a private pension.

Williams also recommends having two to four years’ worth of low-volatility investments, like a short-term bond fund, to help you weather any market downturns and give your investments time to recover.

The constant barrage of news about rising energy and food prices, or the threat of a world war or nuclear attack, is unsettling. But making financial decisions based on emotional reactions to current events is often a losing strategy.

“Making drastic changes amidst all this uncertainty is usually a choice you’ll regret,” says Don Bennyhoff, chief investment officer at Liberty Wealth Advisors and a former Vanguard investment strategist.

Looking back at past crises over the last century, you’ll notice that stocks often rebounded faster than expected, performing well on average over time. For example, since the 2008 financial crisis, the S&P 500 has delivered an average annual return of 11% through 2021, based on First Trust Advisors data. The worst year during that span was 2008, with a 38% drop, but most subsequent years saw gains, with some annual increases ranging from 23% to 30%.

Going back to 1926, the S&P's average annual return has been 10.5%.

“Staying the course may test your nerves, but it’s often best for your portfolio,” says Williams.

It’s easy to claim a high risk tolerance when the market is booming, but you need to handle the volatility that comes with long-term investing. So, review your investments to ensure they match your risk comfort level for potentially rough patches ahead. Also, determine what “losing” money means to you.

“There are various definitions of risk and loss,” says Bennyhoff. 

For instance, if your funds are parked in a savings account or CD, inflation might be outpacing any earnings. While your principal remains intact, your purchasing power diminishes over time.

That said, for long-term objectives, decide how much you’re willing to risk for higher returns to combat inflation's erosion of your savings and gains.

“Over time, growing your wealth makes you better off and more secure,” Adam notes.

With record stock returns in recent years, now’s an opportune time to rebalance your portfolio if it’s been a while. For example, Adam mentions you might be too invested in growth stocks. To stabilize future returns, she suggests reallocating some funds into slower-growing, dividend-paying value stocks through a mutual fund.

Also, ensure you have some bond exposure. While inflation has led to the worst quarterly return for high-quality bonds in four decades, don’t dismiss them.

“If a recession follows the Fed’s aggressive rate hikes, bonds are likely to fare well. Recessions are generally kinder to high-quality bonds than stocks,” Bennyhoff points out.

If you’ve come into a large sum—maybe from selling a business or house, or receiving an inheritance or hefty bonus—consider how to handle it now.

In light of global uncertainties, Adam advises investing in smaller chunks over time, like monthly, rather than all at once. 

“Spread out your investments since today’s news will differ from next week’s,” she says.

Regardless of current headlines, building financial security requires a calm, steady approach.

“Don’t let your economic or market sentiments derail your long-term growth. Stay invested, stay disciplined. History shows that market predictions, even by experts, are often wrong. The best way to achieve your long-term goals is to remain invested and stick to your allocation,” Adam advises.

Doing so can help mitigate the impact of a turbulent market in 2022.

“If you’ve crafted a well-diversified portfolio aligned with your timeline and risk tolerance, the recent market dip will likely be a mere blip in your long-term investing plan,” Williams states.

And remember: making perfect decisions is impossible since no one has all the information.",
2,www.bbc.com,climate,2021,11,Reliable,"Scotland's ambitious climate target to cut emissions by 75% by 2030 may have been ""over-cooked"", according to the UK's independent climate watchdog.
Chris Stark, chief executive of the Committee on Climate Change (CCC), said Holyrood's goal was a ""huge challenge"".
His concerns come as the United Nations COP26 climate change summit begins in Glasgow.
The Scottish government said they had a ""credible pathway to meeting emission targets"" until 2032.
Meanwhile Scottish Secretary Alister Jack has said the controversial Cambo oil field should be opened ""100%"".
Delegates from about 200 countries have come to Glasgow to discuss tackling climate change.
With the world warming because of fossil fuel emissions caused by humans, scientists warn that urgent action is needed to avoid a climate catastrophe.
Speaking on the BBC Scotland podcast No Hot Air Mr Stark said annual targets had already been missed but he was most worried about Scotland's target for 2030.
""That is an enormously challenging target for Scotland and it rests ultimately on Scotland doing more and earlier than the rest of the UK on cutting emissions,"" he said.
Scotland wants to hit its 2030 target before reaching net zero in 2045 - five years earlier than the UK as a whole.
""I would love to be wrong on this, but what that means is that the government here in Scotland is going to have to come up with proposals that show how Scotland will stride ahead of the UK on some of the key transitions that need to take place. Notably decarbonising homes, decarbonising industry.""
He added: ""We haven't seen those kinds of policies, and maybe the third one I'll add is carbon capture which has become a really sensitive topic since the UK government decided not to fund in the first tranche of funding carbon capture plant in Peterhead. ""
Scotland needed ""deep cooperation with the UK policies for decarbonising"", Mr Stark said.
A Scottish government spokesman said their Climate Change Plan and their recent ""catch up report"" provided a ""clear and credible pathway"" to meeting the 75% target for 2030 and two further annual targets beyond that.
He said: ""Scotland has decarbonised faster than any G20 nation since 2008 - but we know there is much more to do.""
What is net zero?
Net zero means not adding to the amount of greenhouse gases in the atmosphere.
Achieving it will involve reducing greenhouse gas emissions as much as possible and balancing out any that remain by removing an equivalent amount.
Greenhouse gases like carbon dioxide (CO2) are released when we burn oil, gas and coal for homes, factories and transport. This causes global warming by trapping the sun's energy.
Regarding fossil fuel extraction, Mr Stark said the UK government was giving the ""wrong signals"" by considering drilling in a vast new North Atlantic oil field at Cambo and opening a new coal mine in Cumbria.
""The UK authorities need to think in the global sense about all of these oil and gas developments - any new fossil fuel developments will have a global impact,"" he told the BBC.
He advised that it would be best to ""get on as steep a trajectory as possible away from fossil fuels"".
The Scottish government said ""unlimited extraction of fossil fuels is not consistent"" with climate obligations and they were focussed on the ""fastest possible just transition for the oil and gas sector"" to deliver jobs, economic benefit, energy security and meet climate obligations.
However, it said there was no ""realistic route to net zero"" without carbon capture and storage, and criticised the UK government for not backing the Scottish Cluster, which includes the Acorn project at St Fergus.
Alister Jack, Secretary of State for Scotland, told The Sunday Show the UK was leading the world on emission targets, having reduced emissions by 50% since 1990.
But he said oil and gas drilling had to continue, and it should go ahead at Cambo, which contains more than 800m barrels of oil. If approval is given, drilling could start in 2022.
He said: ""100% we should open the Cambo oil field, 100% we need to keep backing oil and gas. We still need oil for our petrochemical industry to make instruments for our NHS. That won't stop.
""We'll stop the combustion engine by 2035 and that's how it should be, but it won't change the fact that we still need oil for products and we need to be realistic about that.""
The UK's net zero plan for 2050 accounted for North Sea drilling, including the Cambo oil field, he added.
COP26 president Alok Sharma, also a Conservative MP, told the BBC's Andrew Marr that there had yet to be a decision on Cambo but there would be ""climate compatibility"" checks on the granting of any future oil and gas licenses.
The International Energy Agency says to reach Paris Agreement targets, countries should not be approving any new oil and gas fields from this year.
Scottish Secretary Alister Jack, like other UK government ministers, had to perform a balancing act on television this morning.
He's calling on decision makers from across the world to make drastic changes in the name of combating climate change.
At the same time, he told BBC Scotland's The Sunday Show that he's ""100%"" backing oil and gas production in Scotland.
The accusation is straightforward: ""You're not practising what you preach, so why should other countries change?""
Can Alister Jack and his colleagues convince the world these are compatible with taking climate change seriously?
The COP26 global climate summit in Glasgow in November is seen as crucial if climate change is to be brought under control. Almost 200 countries are being asked for their plans to cut emissions, and it could lead to major changes to our everyday lives.",https://www.bbc.com/news/uk-scotland-59110798,4.0,,Scotland's emission targets for 2030 could be 'over-cooked',"Scotland's bold goal to slash emissions by 75% by 2030 might be overly ambitious, according to the UK's independent climate advisory body. Chris Stark, the head of the Committee on Climate Change (CCC), described Holyrood's target as a ""massive challenge."" His remarks come just as the United Nations' COP26 climate conference kicks off in Glasgow.

The Scottish government insists they have a ""credible pathway"" to hit emission targets through 2032. Meanwhile, Scottish Secretary Alister Jack is advocating for the Cambo oil field to be opened ""100%."" Representatives from around 200 nations have gathered in Glasgow to discuss strategies for combating climate change. With the planet heating up due to human-generated fossil fuel emissions, scientists warn that immediate action is essential to prevent a climate disaster.

During an interview on the BBC Scotland podcast No Hot Air, Mr. Stark mentioned that annual targets have already been missed, but his primary concern is Scotland's 2030 goal. ""It's an extraordinarily tough target for Scotland, hinging on the country taking more aggressive and earlier steps than the rest of the UK to cut emissions,"" he explained. Scotland aims to achieve its 2030 target before reaching net zero by 2045, five years ahead of the UK's overall timeline.

""I hope I'm mistaken on this, but it implies that the Scottish government needs to propose plans demonstrating how they'll outpace the UK in critical transitions, like decarbonizing homes and industries,"" he added. He also noted the absence of such policies, pointing out that carbon capture has become a contentious issue since the UK government chose not to fund the initial phase of a carbon capture facility in Peterhead.

Mr. Stark emphasized Scotland's need for ""close cooperation with UK policies to decarbonize."" A Scottish government spokesperson stated their Climate Change Plan and the recent ""catch-up report"" outline a ""clear and credible path"" to achieving the 75% target for 2030, along with two additional annual targets. ""Scotland has decarbonized faster than any G20 nation since 2008, but much more work remains,"" he said.

So, what's net zero all about? It's about not increasing the levels of greenhouse gases in the atmosphere. To get there, we need to cut emissions as much as possible and balance out any leftover emissions by removing an equivalent amount. Greenhouse gases like carbon dioxide (CO2) are released when we burn fossil fuels, leading to global warming by trapping the sun's energy.

Mr. Stark criticized the UK government for sending ""wrong signals"" by considering new drilling ventures in the expansive North Atlantic oil field at Cambo and a new coal mine in Cumbria. ""The UK authorities should consider the global implications of such oil and gas developments,"" he told the BBC, recommending a steep trajectory away from fossil fuels.

The Scottish government argued that ""unlimited fossil fuel extraction"" doesn't align with climate obligations and emphasized their focus on a ""just transition for the oil and gas sector"" to create jobs, provide economic benefits, ensure energy security, and meet climate commitments. They also pointed out that reaching net zero without carbon capture and storage isn't feasible and criticized the UK government for not supporting the Scottish Cluster, which includes the Acorn project at St Fergus.

Alister Jack, UK's Secretary of State for Scotland, mentioned on The Sunday Show that the UK leads globally in emission targets, having cut emissions by 50% since 1990. However, he insisted that oil and gas drilling must continue, particularly at Cambo, which holds over 800 million barrels of oil. If approved, drilling could start in 2022. ""We absolutely need to open the Cambo oil field and continue backing oil and gas. Our petrochemical industry relies on oil for making essential products for the NHS, and that's not going to change,"" he stated. ""We'll phase out combustion engines by 2035, but oil will still be necessary for certain products, and we need to be realistic about that.""

The UK's 2050 net zero plan includes North Sea drilling, like the Cambo project, he added. COP26 president Alok Sharma, also a Conservative MP, told the BBC's Andrew Marr that no decision had been made yet on Cambo, but future oil and gas licenses would undergo ""climate compatibility"" checks.

The International Energy Agency advises against approving new oil and gas fields starting this year to meet Paris Agreement goals. Like other UK government ministers, Scottish Secretary Alister Jack faced a juggling act on TV, calling for drastic global changes to fight climate change while strongly supporting oil and gas production in Scotland. Critics question, ""You're not practicing what you preach, so why should other countries change?""

Can Alister Jack and his colleagues persuade the world that their actions align with a serious approach to climate change? The COP26 summit in Glasgow this November is viewed as crucial for bringing climate change under control, with nearly 200 countries expected to present their emission reduction plans, potentially leading to significant changes in our daily lives.",
3,www.theblaze.com,health,2022,5,Unreliable,"The U.S. Food and Drug administration announced limits on the authorized use of the Johnson & Johnson COVID-19 vaccine on Thursday, citing concerns over rare and potentially life-threatening blood clots that can be a side effect of the vaccine.
The authorized use of the vaccine is now limited to individuals 18 and older for whom other authorized or approved COVID-19 vaccines are not accessible or clinically appropriate and to adults who choose to receive the Johnson & Johnson vaccine because they do not want to take another one.
According to the FDA, an analysis of reported vaccine side effects has determined there is a risk of thrombosis with thrombocytopenia syndrome (TTS), which causes blood clots in combination with low levels of blood platelets. Symptoms of the side effect can appear approximately one to two weeks after an individual receives the Johnson & Johnson vaccine, the FDA said.
But there are some people the FDA says should still be eligible to receive the Johnson & Johnson vaccine, such as those who have had a severe allergic reaction to the mRNA vaccines manufactured by Pfizer/BioNTech or Moderna, those who object to taking an mRNA vaccine, or those with limited access to mRNA COVID-19 vaccines.
“We recognize that the Janssen COVID-19 Vaccine still has a role in the current pandemic response in the United States and across the global community. Our action reflects our updated analysis of the risk of TTS following administration of this vaccine and limits the use of the vaccine to certain individuals,"" said Dr. Peter Marks, director of the FDA's Center for Biologics Evaluation and Research.
“Today’s action demonstrates the robustness of our safety surveillance systems and our commitment to ensuring that science and data guide our decisions. We’ve been closely monitoring the Janssen COVID-19 Vaccine and occurrence of TTS following its administration and have used updated information from our safety surveillance systems to revise the EUA,"" he continued.
""The agency will continue to monitor the safety of the Janssen COVID-19 Vaccine and all other vaccines, and as has been the case throughout the pandemic, will thoroughly evaluate new safety information,” Marks said.
The Johnson & Johnson COVID-19 vaccine received FDA emergency use authorization on Feb. 27, 2021. Months later on April 13, 2021, the FDA and the CDC issued a call to ""pause"" the administration of the vaccine over concerns of blood clotting. At the time, the agency wanted to investigate six reported cases of TTS after nearly 7 million doses of Johnson & Johnson's single-dose vaccine had been administered. The pause was lifted on April 23, 2021, after the FDA and CDC conducted a safety evaluation.
In December, the CDC's Advisory Committee on Immunization Practices issued a ""preferential recommendation"" stating that unvaccinated adults should get one of the mRNA COVID-19 vaccines before they consider taking the Johnson & Johnson vaccine.
A fact sheet provided by the FDA says that TTS cases have been reported in males and females, in a wide range of individuals age 18 years and older. The highest reported rate of TTS was approximately 8 cases per 1,000,000 vaccine doses administered among females ages 30-29 years. The FDA says that approximately 15% of reported TTS cases have been fatal.",https://www.theblaze.com/news/fda-limits-authorized-use-of-johnson-johnson-vaccine-over-blood-clot-concerns,3.0,,FDA limits authorized use of Johnson & Johnson vaccine over blood clot concerns,"The FDA has put restrictions on the use of the Johnson & Johnson COVID-19 vaccine, expressing concerns about rare but serious blood clots that can occur as a side effect. Now, the vaccine is only available to those 18 and older who can't access or shouldn't use other COVID-19 vaccines, or to adults who specifically choose this vaccine over others.

The FDA's analysis of side effects linked to the vaccine points to a risk of a condition known as thrombosis with thrombocytopenia syndrome (TTS), which involves blood clots and low platelet counts. Symptoms of TTS may develop about one to two weeks after the shot.

However, some people still qualify to get the Johnson & Johnson vaccine. This includes individuals who have had severe allergic reactions to the Pfizer/BioNTech or Moderna mRNA vaccines, those who refuse mRNA vaccines, or those without easy access to them.

Dr. Peter Marks, who heads the FDA's Center for Biologics Evaluation and Research, remarked, ""We acknowledge that the Janssen COVID-19 Vaccine plays a part in the pandemic response both in the U.S. and globally. Our decision is based on new insights into the TTS risk and narrows its use to specific groups.""

He added, ""Today's decision underscores the strength of our safety monitoring and our dedication to evidence-based decisions. We've kept a close watch on the Janssen COVID-19 Vaccine and TTS cases and used the latest safety data to adjust the EUA.""

Dr. Marks also assured that the FDA would keep tracking the safety of all vaccines, including the Janssen COVID-19 Vaccine, and would carefully review any new safety information as it becomes available.

Initially, the Johnson & Johnson vaccine was granted emergency use authorization on February 27, 2021. Not long after, on April 13, 2021, both the FDA and CDC recommended pausing its use due to blood clot concerns, after nearly 7 million doses had been given. This pause was lifted on April 23, 2021, following a thorough safety review by the agencies.

In December, the CDC's Advisory Committee on Immunization Practices suggested that unvaccinated adults should prioritize mRNA vaccines over the Johnson & Johnson option.

According to an FDA fact sheet, TTS has been reported in both men and women aged 18 and up. The highest occurrence was about 8 cases per million doses among women aged 30-39. Approximately 15% of these TTS cases have resulted in death.",
4,www.cnn.com,politics,2022,6,Reliable,"“This was a crime against humanity. This was nothing but pure evil, that someone could allow this to happen, to anyone, let alone that many people,” the chief said.
McManus, who has been in law enforcement since 1975, was reluctant to describe the graphic scene.
In emergency responder radio traffic posted on the scanner website Broadcastify.com, one person can be heard requesting more help at the scene. “I have too many bodies here,” the man says.
No further victims were found after a search of the area with K-9s, McManus said.
In all, 53 people died in what one Homeland Security Investigations’ agent called the deadliest human smuggling incident in US history. Some victims could be younger than 18.
Authorities in Mexico, Guatemala and Honduras have said they are collaborating with the US in trying to identify the people who died.
The suspected driver of the truck was spotted attempting to leave the scene, McManus said. In the recording on Broadcastify, one person says the man was seen running near some railroad tracks while another says to keep a lookout for the driver, thought to be a man in a brown shirt.
The chief said a police helicopter followed the suspect, who was ultimately detained in a field. The chief did not go into the condition nor demeanor of the suspected driver.
Homero Zamorano Jr., 45, was arrested Wednesday, according to the US Department of Justice. Surveillance footage from a camera at an immigration checkpoint showed the driver of the 18-wheeler wearing black stripes and a hat.
“(San Antonio Police) officers were led to the location of an individual, later identified as Zamorano, who was observed hiding in the brush after attempting to abscond. Zamorano was detained by SAPD officers,” a DOJ release said.
Zamorano, who lives in Pasadena, Texas, made his first court appearance before a federal judge in San Antonio on Thursday. He is charged with human smuggling resulting in death, and if convicted he could face up to life in prison or death.
When asked by CNN, Zamorano’s attorney said he did not wish to comment.
The US Attorney’s Office in San Antonio has filed a motion requesting Zamorano to be detained without bond, citing “a serious risk that the Defendant will flee,” court documents show.
According to Zamorano’s criminal complaint, he was escorted to a local hospital for medical evaluation after San Antonio police officers encountered and detained him at the scene. A cell phone, hat, and wallet containing Zamorano’s ID card were recovered from his person and the immediate area, the complaint added.
Three other individuals have also been arrested and charged in connection with the case.
Eleven of the 16 survivors are still hospitalized, according to US Immigration and Customs Enforcement. At least two patients are in critical condition, hospital officials said.
Gustavo García-Siller, the archbishop of the diocese of San Antonio, said most of the survivors were unresponsive or could not communicate due to their conditions when he visited them earlier this week.
“They were all hooked to machines and some intubated, so there was not a possibility of dialogue. My place was to pray, to think about their families. I spoke to some of them without receiving any reaction back but I knew that I was speaking to real persons in suffering and that God knows their hearts,” García-Siller told CNN.
After visiting the six hospitals where the survivors have been treated, the archbishop said he could only speak with a 16-year-old girl from Guatemala. The girl had not been able to reach her family because she had to give up her phone, García-Siller said.
“The dialogue was to assure her that everyone there was there to help her, that she was alive,” he said.
“She was the last one that I saw, seeing all the rest, she seemed to be in very good shape and the nurse told me she was fine but they needed to keep her to be sure. In her reactions, she was not very talkative, surely as expected,” he added.
The archbishop said at another hospital he was able to communicate with another survivor only through hand gestures.
“I invited her to trust, I assured her that she has made it and that we hope that she would make a full recovery. For immigrants (it) is very difficult to trust people around them, especially if you see one, two officials at the door of your room,” he said.
García-Siller said he has worked with migrants since the 1980s but has never seen such a large group of people die in a single incident.
“People were abandoned to die. They were dying, burning inside of that place, you can imagine with no water, no food, with natural physical needs. It’s hard to picture what happened in that box, dark box. I invite you, respect people. People are people. Treat others as you would like them to treat you,” he said.
A makeshift memorial continues to grow at the desolate road in the outskirts of San Antonio where the truck was discovered.
Mostly in silence Wednesday, dozens of families placed flowers, candles bearing images of the Virgen de Guadalupe and gallons of water – a nod to how migrants carry water on their trek to the US.
Among those visiting the memorial, some people wore the Honduran national soccer team jersey, and many spoke Spanish and Indigenous Mayan languages as they prayed or held their phones up, showing the memorial during video calls with relatives outside the US.
“My aunt in Honduras asked me to call her from here, she is the one who first told me about what happened,” a woman who had been on a video call said.
A second memorial surrounding pieces of clothing and two pairs of black sneakers began Wednesday several yards down the road. A group of people believing the clothing may have belonged to some of the migrants in the truck, laid them flat and placed a pair of candles around them.
On Monday, the truck went through a checkpoint north of Laredo, Texas, according to US Rep. Henry Cuellar, a Democrat whose sprawling district includes Laredo and San Antonio. It was discovered nearly 150 miles north of the border.
Texas Republican Gov. Greg Abbott announced Wednesday the state would add truck checkpoints and the Department of Public Safety (DPS) “will create and implement a checkpoint strategy beginning immediately where they will begin targeting trucks like the one that was used” in this incident.
Abbott also said the state is creating two strike teams to “detect, deter and apprehend” unlawful crossings of immigrants.
The Biden administration earlier this month launched what US Homeland Security Secretary Alejandro Mayorkas called an “unprecedented” operation to disrupt human smuggling networks amid soaring numbers of migrants at the southern border.
White House press secretary Karine Jean-Pierre repeated those words at a briefing Wednesday. “As Secretary Mayorkas said, far too many lives have been lost to this dangerous journey. We will continue to take action to disrupt human smuggling networks, which have no regard for lives. They explode – exploit and endanger in order to make a profit,” Jean-Pierre said.",https://www.cnn.com/2022/06/30/us/san-antonio-migrant-truck-deaths-thursday/index.html,3.0,,‘This was a crime against humanity.’ Police chief describes scene where 53 people died in San Antonio,"""This was a crime against humanity, plain and simple. It was pure evil that such an atrocity was allowed to occur, especially affecting so many individuals,"" the chief expressed. McManus, who's been in the police force since 1975, hesitated to delve into the gruesome details of the scene.

On the scanner website Broadcastify.com, you can hear emergency personnel radioing for more assistance. ""I've got too many bodies here,"" one voice states. After a thorough search of the vicinity with K-9 units, McManus confirmed no additional victims were found.

A total of 53 individuals perished in what an agent from Homeland Security Investigations described as the most lethal human smuggling event in U.S. history. Some of these victims might have been under 18. Officials from Mexico, Guatemala, and Honduras are working with the U.S. to identify those who lost their lives.

The suspected driver tried to escape the scene, McManus noted. The Broadcastify recording mentions someone spotting him running near railroad tracks and advising others to watch for a man in a brown shirt. A police helicopter tracked the suspect, who was eventually caught in a field, though the chief didn't comment on his condition or behavior.

The U.S. Department of Justice reported that Homero Zamorano Jr., 45, was arrested on Wednesday. Surveillance footage captured him driving the 18-wheeler, dressed in black stripes and a hat. ""San Antonio Police officers were directed to Zamorano's location after he was seen trying to hide in the brush,"" a DOJ statement revealed. Zamorano, hailing from Pasadena, Texas, appeared in a federal court in San Antonio on Thursday, facing charges of human smuggling resulting in death. If found guilty, he might receive a life sentence or even the death penalty. His attorney chose not to comment when reached by CNN.

The U.S. Attorney's Office in San Antonio has requested that Zamorano remain in custody without bail, citing ""a serious risk that the Defendant will flee,"" as per court records. Zamorano's criminal complaint mentions he was taken to a local hospital for a medical check-up after his arrest. A cell phone, hat, and wallet with his ID were found on him and nearby, the complaint added.

Three other individuals have also been apprehended and charged in connection with the incident. Of the 16 survivors, 11 remain hospitalized, according to U.S. Immigration and Customs Enforcement. Hospital officials reported that at least two patients are critically ill.

Gustavo García-Siller, the archbishop of San Antonio's diocese, visited the survivors and shared that most were unable to communicate due to their medical conditions. ""They were connected to machines, some intubated, so conversation wasn't possible. My role was to pray and think of their families. I spoke to them, knowing they were suffering souls, and trusted God understood their hearts,"" he told CNN.

After his visits to six hospitals, the archbishop managed to converse with a 16-year-old Guatemalan girl. She hadn’t contacted her family because she'd given up her phone, García-Siller explained. ""I reassured her that everyone there was to help her, that she was alive,"" he said. ""She was the last one I saw, in good condition compared to others. The nurse confirmed she was okay, but they needed to monitor her. She wasn’t very talkative, which was understandable,"" he added.

At another hospital, he communicated with a survivor using hand signals. ""I encouraged her to trust, assuring her she had survived and we hoped for her full recovery. For immigrants, trusting people around them is hard, especially with officials at their door,"" he said.

García-Siller, who has worked with migrants since the 1980s, said he's never witnessed such a large group perishing in one event. ""These people were left to die, trapped and suffering without essentials. It’s unimaginable what they endured in that dark, confined space. I urge respect—treat others as you wish to be treated,"" he stated.

A growing memorial marks the desolate road on San Antonio's outskirts where the truck was found. Quietly, families placed flowers, candles featuring the Virgen de Guadalupe, and water gallons—symbolizing the migrants' journey to the U.S. Among the visitors, some wore Honduran soccer jerseys, speaking Spanish and Indigenous Mayan languages while praying or video-calling relatives abroad.

""My aunt in Honduras asked me to call her from here; she was the one who first informed me about what happened,"" a woman on a video call shared. A second memorial emerged with clothes and two pairs of black sneakers laid out, believed to belong to some migrants from the truck, with candles placed around them.

On Monday, the truck passed through a checkpoint north of Laredo, Texas, as U.S. Rep. Henry Cuellar, whose district includes Laredo and San Antonio, mentioned. It was found nearly 150 miles north of the border. Texas Governor Greg Abbott announced new truck checkpoints and a Department of Public Safety strategy targeting similar vehicles. Abbott also stated the formation of two strike teams to monitor and prevent illegal immigrant crossings.

Earlier this month, the Biden administration initiated an ""unprecedented"" operation, as described by U.S. Homeland Security Secretary Alejandro Mayorkas, to dismantle human smuggling networks amidst increasing migrant numbers at the southern border. White House press secretary Karine Jean-Pierre echoed this at a briefing, emphasizing the need to combat smuggling networks that prioritize profits over lives, exploiting and endangering individuals.",
5,www.cnn.com,climate,2019,1,Reliable,"Climate change could “halt and reverse” progress made in human health over the last century.
The grim analysis comes from one of the authors of a new report in the New England Journal of Medicine that suggests rising global temperatures could lead to many more deaths than the 250,000 a year the World Health Organization predicted just five years ago.
In 2014 the WHO said that climate change will bring with it malaria, diarrhea, heat stress and malnutrition, killing that many more people annually around the world from 2030 to 2050.
“We think the impact is more difficult to quantify because there is also population displacement and a range of additional factors like food production and crop yield, and the increase in heat that will limit labor productivity from farmers in tropical regions that wasn’t taken into account among other factors,” said Haines, a British epidemiologist and former director of the London School of Hygiene & Tropical Medicine.
Due to climate change-related food shortages alone, the world could see a net increase of 529,000 adult deaths by 2050, the report said. Climate change could force 100 million people into extreme poverty by 2030 and poverty makes people more vulnerable to health problems.
Haines adds that climate change, “while the most important environmental threat facing humanity,” is not the only environmental problem that threatens our health.
The depletion of freshwater resources, the unprecedented biodiversity loss, ocean acidification, overfishing, pollution, deforestation and the spread of invasive species, that are related to climate change, but are environmental problems on their own, all compound these public health threats he said.
“It is an urgent task to understand how to safeguard health in the face of these dramatic trends, all of which are caused by human activities related to patterns of economic activity.” Haines added.
An editorial accompanying the report urges medical professionals to take this report seriously. Its co-author, Dr. Caren Solomon, suggests doctors have a “special responsibility to safeguard health and alleviate suffering,” and that mission should include working quickly to curtail greenhouse gas emissions.
“We hope that this work will make more people aware and hopefully get more involved,” said Solomon, a primary care physician who serves as deputy editor at the NEJM, and an associate professor of medicine at Harvard Medical School and Brigham and Women’s Hospital. Her editorial points out that the health care sector accounts for nearly one-tenth of US greenhouse gas emissions and would rank seventh in the quantity of such emissions internationally, if it were its own country.
Health care workers, she said, should encourage their organizations to reduce their carbon footprint.
Reducing a health care facility’s carbon footprint is possible.
She points to groups like Boston Medical Center, which generates its own energy efficient electricity and has climate-friendly programs like its hospital-based rooftop farm. Or the Gundersen Health System in Wisconsin that in 2014 became the first health care system in the country to produce more energy than it consumes, using wind, solar and methane from a local landfill.
Solomon said physicians can also pressure politicians to create better climate change-oriented public policy and put pressure on groups to use financial divestment as a tool. In 2018, the American Medical Association and the Royal College of General Practitioners passed resolutions calling for divestment in fossil fuel companies.
Doctors can also help educate patients and motivate people to act.
“There are substantial benefits and co-benefits of working to reduce these greenhouse gasses,” said Solomon. Riding a bike to work or walking, rather than driving, for example cuts down on climate change-related pollution and the exercise is better for your health. Cleaner air also improves people’s health.
“We all know that prevention in medicine is enormously more effective and efficient, rather than waiting for full blown disease. We view climate change in the same manner and know that if we take action immediately, we can avoid the catastrophic health effects that are projected,” Solomon said.",https://www.cnn.com/2019/01/16/health/climate-change-health-emergency-study/index.html,3.0,,"250,000 deaths a year from climate change is a ‘conservative estimate,’ research says","Climate change might actually undo all the progress we've made in human health over the past century, possibly even pushing us backward. That's the stark warning from a contributor to a fresh report in the New England Journal of Medicine, which hints that the rising global temperatures could result in far more fatalities than the 250,000 annually that the World Health Organization forecasted about five years ago.

Back in 2014, the WHO predicted that climate change would usher in issues like malaria, diarrhea, heat stress, and malnutrition—essentially increasing the death toll by that number each year worldwide from 2030 to 2050. But Haines, a British epidemiologist and former leader of the London School of Hygiene & Tropical Medicine, argues that the impact might be harder to pin down. This is because there are other factors at play, such as population shifts, food production challenges, crop yield changes, and the increased heat impacting farmers' labor productivity in tropical areas—elements that weren't fully considered.

Just looking at food shortages linked to climate change, the world might face a net increase of 529,000 adult deaths by 2050, according to the report. Moreover, climate change might push 100 million people into severe poverty by 2030, and being poor makes one more susceptible to health issues.

Haines emphasizes that while climate change is the biggest environmental threat to humans, it's not the only one. Freshwater depletion, massive loss of biodiversity, ocean acidification, overfishing, pollution, deforestation, and invasive species spread—related to climate change but problems in their own right—further compound public health risks, he explains.

He stresses the urgency of understanding how to protect health amidst these striking trends, all of which stem from human activities linked to economic patterns.

The editorial that accompanies the report calls on medical experts to treat this report with the gravity it deserves. Dr. Caren Solomon, who co-authored the editorial, believes doctors have a ""special responsibility to safeguard health and alleviate suffering,"" and this duty should include swiftly working to cut down greenhouse gas emissions.

Solomon, a primary care physician and deputy editor at NEJM, as well as an associate professor of medicine at Harvard Medical School and Brigham and Women’s Hospital, hopes this work will raise awareness and spur more involvement. She notes that the health care sector contributes nearly one-tenth of US greenhouse gas emissions and would rank seventh globally in emissions if it were its own nation.

Healthcare professionals, she suggests, should prompt their institutions to shrink their carbon footprints. It's doable to decrease a health care facility's carbon footprint. For example, Boston Medical Center generates its own energy-efficient electricity and boasts climate-friendly initiatives like a hospital-based rooftop farm. Meanwhile, Gundersen Health System in Wisconsin became the first in the country to produce more energy than it uses in 2014, thanks to wind, solar, and methane sourced from a nearby landfill.

Solomon also mentions that doctors can push politicians toward better climate-focused public policies and advocate for financial divestment from fossil fuel companies, as was done in 2018 by the American Medical Association and the Royal College of General Practitioners.

Physicians can also educate their patients and inspire them to take action. Solomon highlights the significant benefits of reducing greenhouse gases, such as opting to bike or walk to work instead of driving, which not only cuts down on pollution but is also healthier. Cleaner air contributes to better health too.

Solomon concludes that prevention is key in medicine, much more effective and efficient than dealing with full-blown disease, and believes climate change should be approached similarly. Immediate action can help stave off the dire health consequences that are anticipated.",
6,www.cnn.com,health,2022,2,Reliable,"Editor’s Note: Kent Sepkowitz is a physician and infection control expert at Memorial Sloan Kettering Cancer Center in New York. The views expressed in this commentary are his own. View more opinion on CNN.
Here we go again: Covid-19 cases are falling in nearly every state, spring is in the air and everyone is getting restless. Some have even gone so far as to let us know they are done with the pandemic or at least ready to move away from the problem.
Though the chaos created by the now-fading Omicron variant was quite frightening, I suspect the turbulence ahead will be worse. During the height of Omicron’s surge, many returned to working from home, were careful to don masks when in public and cut down on unnecessary public outings.
Now with something like normalcy within grasp again, the pace and specifics of how best to resume workaday life are under the microscope. Though this should be a time of thankfulness – society did not collapse despite the record-breaking charge of the rampaging virus – it rather has created a serious predicament for the public health leaders tasked with moving the country forward.
The problem is simple: Though the public has learned many things about viruses, epidemiology and the human immune system over the past two years, many still seem unwilling to accept that what works for today’s facts may not work for tomorrow’s. Any shift in guidance or perspective is considered weak and waffling, playing politics or flat-out betrayal.
Experts know that right now, in many areas, peeling back the precautions is safe, if done cautiously, which is why we are seeing mask mandates easing in many states, including New York. These actions can help the public gain confidence and provide useful information should another variant of concern emerge.
But public health leaders also know that if another variant of concern arises, it will necessitate yet another reversal of guidelines – an action that will likely be viewed not as evidence of admirable responsiveness but rather as evidence of a flailing and mostly useless public health voice.
Put simply, while rolling back precautionary policies makes sense right now as Covid-19 cases decline and stabilize, it must be stressed that the only way it is safe to return to normal life is with a contingency plan for masking back up if the next variant of concern warrants it.
Consider the much-reviled move by the Centers for Disease Control and Prevention in the summer of 2021 when, after an outbreak of Covid-19 cases among vaccinated persons in Provincetown, Massachusetts, experts quickly realized the then-new variant known as Delta was evading the immunity induced by the mRNA vaccines. Even more alarmingly, it was clear that vaccinated people could themselves spread the infection.
Given the new facts, a scheduled easing of mask mandates was not enacted. And the CDC received wide criticism – despite its decision being logical – as if it was a bunch of woolly-headed bumblers, a characterization from which it has not recovered.
Perhaps at the core of the fraying of trust is the continued confusion between advice given for individual health and advice given for public health. Comparing, for example, risk from eating raw cookie dough or undercooked chicken to the risk introduced by not wearing a mask or taking the vaccine – “my body, my choice,” as these new, thoughtless risk-takers like to argue – fails to consider an enormous difference: Sure, public health guidelines care about you, at least a little, but they really care about those around you, both those you know and those you don’t.
So remember: Undercooked chicken is not contagious. If you want to take the risk, go for it. Go ahead and skydive all you want as well, perhaps while eating raw cookie dough. Your body, your choice.
Yes, masks and distancing and vaccines effectively do protect a person’s own health. But the CDC has to worry about that guy over there working the cash register and your friend’s frail grandmother and your friend’s frail grandmother’s health aide.
Stated more bluntly, by our current understanding of SARS-CoV2 transmission, every one of the nearly 920,000 Americans who have died from Covid-19 acquired the infection from another person, who had caught the infection from another person and so on in a long, tangled but incontrovertible chain of contagion that stretches back more than two years.
Yet none of these fatal transmissions was intended. And that is the point: to prevent unintended transmission of a potentially lethal disease requires work, such as wearing a mask, avoiding crowds, taking the vaccine. All of these are unpopular and disruptive – but clearly effective. They save lives, even if you are one of the lucky ones whose life doesn’t need saving.",https://www.cnn.com/2022/02/14/opinions/covid-restrictions-variants-sepkowitz/index.html,4.0,,"The chaos from Omicron might be fading, but the turbulence ahead could be worse","Editor's Note: Kent Sepkowitz, a physician and infection control expert at Memorial Sloan Kettering Cancer Center in New York, shares his personal views in this commentary. More opinions can be found on CNN.

Here we go again: Covid-19 cases are dropping across almost every state, spring is arriving, and people are starting to feel antsy. Some are even declaring they’re over the pandemic or at least ready to move on from it.

Despite the chaos and fear caused by the fading Omicron variant, I have a feeling that the bumps in the road ahead might be even bumpier. During Omicron’s peak, many folks opted to work from home, wore masks in public, and reduced unnecessary outings.

Now that a sense of normalcy seems within reach, figuring out how to get back to everyday life is under scrutiny. Instead of being grateful that society didn’t crumble under the onslaught of the virus, we’re facing a tricky situation for public health leaders who have to guide the country forward.

The issue is straightforward: People have learned a lot about viruses, epidemiology, and the immune system over the past two years. Yet, many seem reluctant to accept that what works today might not be applicable tomorrow. Changes in guidance are often seen as indecisive, politically motivated, or outright betrayal.

Experts understand that in many places, it’s safe to ease precautions if done carefully, which is why mask mandates are being relaxed in states like New York. This can help boost public confidence and provide valuable insights if another concerning variant emerges.

However, public health leaders also know that if a new variant shows up, guidelines will need to be reversed again—a move likely to be seen not as adaptability but as a sign of a struggling and ineffective public health voice.

To put it simply, while loosening precautionary measures makes sense now with the decline of Covid-19 cases, it’s crucial to have a backup plan for reinstating masks if necessary when another variant appears.

Think back to the summer of 2021 when the CDC faced backlash after an outbreak of Covid-19 among vaccinated individuals in Provincetown, Massachusetts. Experts quickly realized that the Delta variant was bypassing the immunity provided by mRNA vaccines and that vaccinated people could spread the infection.

In light of these new findings, the planned easing of mask mandates didn’t happen. The CDC was widely criticized, despite its logical decision, as if they were clueless, a label they haven’t shaken off since.

A big part of the trust issue stems from the confusion between advice for personal health and advice for public health. Comparing the risk of eating raw cookie dough or undercooked chicken to not wearing a mask or skipping the vaccine—under the “my body, my choice” mantra—misses a crucial point: Public health guidelines care about you, but they care even more about those around you, including people you’ve never met.

So keep in mind: Undercooked chicken doesn’t spread. If you’re willing to take that risk, go for it. Feel free to skydive while eating raw cookie dough. Your body, your choice.

Yes, masks, distancing, and vaccines do protect individual health. But the CDC is also concerned about the cashier, your friend’s frail grandmother, and her health aide.

Put bluntly, with our current understanding of SARS-CoV2 transmission, every one of the nearly 920,000 Americans who have died from Covid-19 got the infection from someone else, who got it from someone else, and so forth, in a long, unavoidable chain stretching back more than two years.

None of these transmissions were intentional. That’s the point: Preventing unintended spread of a potentially deadly disease requires effort, like wearing masks, avoiding crowds, and getting vaccinated. These measures may be unpopular and disruptive, but they are undeniably effective. They save lives, even if yours doesn’t need saving right now.",
7,www.rt.com,health,2020,11,Unreliable,"The South Korean Defense Ministry has introduced tight travel restrictions for military personnel after a cluster of Covid-19 infections was discovered at a boot camp near the border with North Korea.
Vacationing and non-essential trips off military sites were banned starting from November 27, the country's Defense Ministry said in a statement. Soldiers staying in barracks must now observe stricter social-distancing rules.
""Troops who violate the rules, resulting a Covid-19 infection or its spread to others, will be strongly reprimanded,"" the ministry said.
The new restrictions came a day after a cluster of infections was discovered at an army boot camp in the town of Yeoncheon near the border with North Korea. As of Thursday, 66 newly enlisted soldiers and four officers have tested positive for Covid-19 at the unit there.
Separately, four officers and a soldier tested positive in three other military sites across the country, bringing the total number of cases in the military to 341.
South Korea was hailed as a success story when it managed to take control of the spread of coronavirus during the early stages of the pandemic. However, the nation has been discovering new clusters of Covid-19.
The Korea Disease Control and Prevention Agency (KDCA) reported 583 new cases on Thursday. It was the first time the daily increase in cases had shot past 500 since early March when South Korea was first hit by the pandemic.
Speaking to reporters on Thursday, Health Minister Park Neung-hoo said that ""more thorough social distancing"" is required to tackle the spike in cases.
Think your friends would be interested? Share this story!",https://www.rt.com/news/507858-south-korea-army-covid19/?utm_source=rss&amp;utm_medium=rss&amp;utm_campaign=RSS,3.0,,South Korean Army bans vacations and off-base trips for troops after dozens of recruits test positive for Covid-19 at boot camp,"South Korea's Defense Ministry has rolled out strict travel limitations for its military forces following a Covid-19 outbreak at a boot camp close to the North Korean border. Starting November 27, soldiers are no longer permitted to take vacations or leave military bases for non-essential reasons, according to a statement from the ministry. Those residing in barracks now face tougher social-distancing requirements.

The ministry emphasized that any troops who flout these rules, resulting in a Covid-19 case or further transmission, will face severe disciplinary actions.

These new measures were put in place just a day after a Covid-19 outbreak was identified at an army boot camp located in Yeoncheon, near the North Korean frontier. By Thursday, 66 new recruits and four officers at the camp had tested positive for the virus. Meanwhile, an additional four officers and one soldier were diagnosed with Covid-19 at three other military locations nationwide, raising the total count of military-related cases to 341.

Initially, South Korea was praised for effectively managing the coronavirus outbreak in the early days of the pandemic. However, the country is now encountering fresh clusters of infections. On Thursday, the Korea Disease Control and Prevention Agency (KDCA) reported 583 new cases, marking the first time since early March that daily cases exceeded 500—a period when the pandemic first hit South Korea.

Health Minister Park Neung-hoo addressed journalists on Thursday, stressing the need for ""more thorough social distancing"" to combat the rise in cases.

Think your friends would like to know? Spread the word by sharing this story!",
8,www.bbc.com,politics,2020,7,Reliable,"Canada's federal court has ruled that an asylum agreement the country has with the US is invalid because America violates the human rights of refugees.
The Safe Third Country Agreement (STCA), in place since 2004, requires refugee claimants to request protection in the first safe country they reach.
But on Wednesday, a judge declared the deal unconstitutional due to the chance that the US will imprison the migrants.
Lawyers for refugees who had been turned away at the Canadian border had challenged the agreement, arguing that the US did not qualify as ""safe"" for asylum seekers.
Nedira Jemal Mustefa, one of the refugees forced to remain in the US, told the court her time in US solitary confinement was ""a terrifying, isolating and psychologically traumatic experience,"" according to the court ruling.
""We're all too familiar with the treatment that the US metes out to asylum seekers,"" Maureen Silcoff, president of the Canadian Association of Refugee Lawyers, told Reuters news agency.
The 5,525 mile (8,891 km) US-Canada border is the longest border between two countries in the world.
The Safe Third Country Agreement is a policy implemented to better manage refugee claims and to avoid so-called ""asylum shopping"" between countries.
But it is also driving asylum seekers to make what the Canadian government calls ""irregular"" crossings to avoid being turned back at official border points.
Since 2017, when President Donald Trump took office promising a crackdown on immigration, some 58,000 people have crossed into Canada from the US in that manner to make subsequent refugee claims.
Canada had been processing their claims until the coronavirus pandemic, when the Canadian government said they would be turned back.
There have been calls in Canada to suspend or renegotiate the agreement with the US.
Federal court judge Ann Marie McDonald ruled that the deal was in violation of a section of Canada's Charter of Rights that bans the government from interfering in the right to life, liberty and security.
""It is my conclusion, based upon the evidence, that ineligible STCA claimants are returned to the US by Canadian officials where they are immediately and automatically imprisoned by US authorities,"" Judge McDonald said in her ruling.
""I have concluded that imprisonment and the attendant consequences are inconsistent with the spirit and objective of the STCA and are a violation of the rights guaranteed by section 7 of the [Charter of Rights and Freedoms],"" she continued.
But the judge delayed the ruling for six months to allow Canada's parliament and the US Congress to respond. The ruling can also be appealed.",https://www.bbc.com/news/world-us-canada-53494561,5.0,,Canada court rules US 'not safe' for asylum seekers,"Canada's federal court recently determined that the asylum agreement it has with the United States is no longer valid, citing human rights violations against refugees by the US. This agreement, known as the Safe Third Country Agreement (STCA), has been in effect since 2004 and mandates that asylum seekers request protection in the first safe nation they arrive in. However, on Wednesday, a judge deemed this agreement unconstitutional, primarily because of the risk that the US might detain these migrants.

Refugee lawyers challenged the agreement, arguing that the US doesn't meet the criteria of being a ""safe"" country for those seeking asylum. Among these refugees was Nedira Jemal Mustefa, who shared with the court her harrowing experience in US solitary confinement, describing it as ""a terrifying, isolating and psychologically traumatic experience,"" according to the court's decision.

Maureen Silcoff, head of the Canadian Association of Refugee Lawyers, expressed to Reuters that the treatment asylum seekers face in the US is well-known. The border between the US and Canada stretches for 5,525 miles (8,891 km), marking it as the world's longest border between two countries. The STCA was introduced to streamline refugee claims and prevent ""asylum shopping"" across borders. However, this policy has pushed many asylum seekers to make ""irregular"" crossings, as termed by the Canadian government, to avoid being turned away at official checkpoints.

Since 2017, following President Donald Trump's immigration crackdown, approximately 58,000 individuals have crossed from the US into Canada in this manner to file refugee claims. Canada was processing these claims until the onset of the coronavirus pandemic, at which point the government announced they would begin turning people back. This has led to increasing calls within Canada to either suspend or renegotiate the agreement with the US.

Federal court judge Ann Marie McDonald found that the agreement violated a section of Canada's Charter of Rights, which prohibits government interference in the rights to life, liberty, and security. ""Based on the evidence, I conclude that individuals ineligible under the STCA are being sent back to the US by Canadian officials, where they face immediate and automatic imprisonment by US authorities,"" Judge McDonald stated in her ruling. She added that such imprisonment and its repercussions are at odds with the STCA's intent and violate the rights protected by section 7 of the Charter of Rights and Freedoms.

However, the judge has postponed the implementation of this ruling for six months to provide time for Canada's parliament and the US Congress to address the issue. The decision is also open to appeal.",
9,www.theblaze.com,economics,2022,8,Unreliable,"The Bureau of Labor Statistics released the July jobs report on Friday – which massively surpassed expectations. Total nonfarm payroll employment increased by 528,000 in July, when it was forecast to add 250,000 jobs.
The Biden administration and left-leaning media basked in the jobs report that appears impressive at first glance.
President Joe Biden said on Friday, ""Today’s jobs report shows that the economy added 528,000 jobs in July. More people are working than at any point in American history. That’s no accident, it’s results.""
Vice President Kamala Harris gloated, ""This morning’s jobs report shows our economy added 528,000 jobs in July, and the unemployment rate matches the lowest it’s been in more than 50 years. More people are working than ever before. We have more to do, but today’s jobs report shows we are making significant progress.""
However, Charles Payne and others poured cold water on President Biden's ""booming"" jobs report.
Payne noticed that ""black Americans are sinking in the midst of the jobs boom.""
In July, there were 39,000 fewer black Americans in the labor force and 68,000 fewer black Americans employed.
""I get this stuff is only newsworthy when GOP is in the White House but some care all the time,"" he added.
Citing Household Survey Data from the Bureau of Labor Statistics, Payne noted that full-time jobs dropped by 71,000, while part-time jobs increased by 384,000, and people who held multiple jobs rose by 92,000.
The report also found that there were 279,000 fewer people who were self-employed.
Federal Reserve Economic Data revealed that 433,000 Americans are working two full-time jobs – which is an all-time high.
Just The News reported, ""This trend of the economy dropping full-time jobs while adding second and part-time jobs has been accelerating since March.""
Many people suggest that the surge in part-time jobs and people getting multiple jobs is because they are facing soaring inflation month after month. In July, inflation hit 9.1% – the highest in more than 40 years.
Despite the Biden administration insisting that the country is not in a recession, key economic statistics suggest otherwise.
According to CNSNews, ""The number of Americans not in the labor force – no job and not looking for one – climbed above the 100,000,000 mark again, settling at 100,051,000 in July. That's a 239,000 increase from June; and it follows an increase of 510,000 from May to June, when the number rose to 99,812,000.""
The BLS announced that real average hourly earnings were down 3.6% year-over-year for June.
Brownstone Institute president Jeffrey A. Tucker said, ""We are living through the longest consecutive month-by-month decline in real personal disposable income since 1959, and it is combined with a most recent 16% increase debt service as a percent of that same income stream. Translation: dramatic moves toward personal impoverishment.""
The Wall Street Journal pointed out, ""The labor-force participation rate—or the share of adults working or seeking a job – ticked down to 62.1% in July from 62.2% a month earlier.""
""While the economy has recovered all the jobs it lost since February 2020, there are still 623,000 fewer people in the workforce, a factor that has pushed up wages due to a demand for workers that is well above the number of available workers,"" the outlet added.
Before the pandemic, the participation rate was 63.4% in February 2020.
The BLS defines the labor force participation rate as ""the number of people in the labor force as a percentage of the civilian noninstitutional population,"" and ""the participation rate is the percentage of the population that is either working or actively looking for work.""
New York Times economic reporter Ben Casselman wrote, ""The labor force participation rate actually fell slightly in July, a discouraging sign for those hoping the strong labor market would bring workers off the sidelines. Participation ticked up slightly among prime-age workers, but remains below its May peak.""
Former Federal Reserve insider Danielle DiMartino said, ""Warning in the weeds: Labor force participation rate AND wage growth falling most among those who benefited the most from the post-pandemic stimulus spending.""
On Friday, Fox News White House reporter Peter Doocy confronted White House Press Secretary Karine Jean-Pierre about the declining labor participation rate.
Doocy asked, ""The labor force participation rate is at its lowest level of the year now. Why do you think that is?""
Jean-Pierre replied, ""So, participation actually ticked up.""
Doocy interjected, ""It declined 0.1 percentage points to 62.1 percent — the lowest level of the year.""
Jean-Pierre responded, ""So it actually ticked up for prime-age workers, when you look at 25 to 54, and for workers 65 and plus. The tick down this month was actually about teenagers. And it’s important to keep in mind that the labor force participation rate has bounced back relatively quickly compared to its pace in the past. So we have seen an uptick in the labor force.""",https://www.theblaze.com/news/jobs-report-participation-rate-recession,4.0,,"Charles Payne and others expose hidden problems with 'booming' jobs report, Peter Doocy presses White House about disappointing economic statistic","The Bureau of Labor Statistics dropped some surprising news on Friday with its July jobs report, blowing past predictions. Nonfarm payroll employment jumped by 528,000, far exceeding the anticipated 250,000 new jobs. Naturally, the Biden administration and some progressive media outlets were quick to celebrate what initially seems like a remarkable achievement.

President Joe Biden proudly declared, ""Today’s jobs report reveals that the economy added 528,000 jobs in July. More Americans are working now than ever before in our history. That's no accident, it's a result of our efforts."" Vice President Kamala Harris echoed his sentiments, saying, ""This morning’s jobs report shows we added 528,000 jobs in July, and the unemployment rate matches its lowest in over 50 years. We still have work to do, but today’s report signifies considerable progress.""

However, not everyone was on board with this optimistic outlook. Charles Payne and others were quick to scrutinize the ""booming"" jobs report touted by President Biden. Payne pointed out that ""black Americans are struggling despite the jobs boom."" In July, the labor force saw 39,000 fewer Black Americans, and 68,000 fewer were employed.

Payne remarked, ""This kind of news only seems to make headlines when the GOP is in the White House, but some of us pay attention all the time."" He highlighted data from the Bureau of Labor Statistics' Household Survey, noting a decline of 71,000 full-time jobs, while part-time jobs surged by 384,000, and people holding multiple jobs increased by 92,000. Additionally, there were 279,000 fewer self-employed individuals.

According to Federal Reserve Economic Data, a record 433,000 Americans are juggling two full-time jobs. Just The News noted an ongoing trend since March, where full-time roles are dwindling while second and part-time positions are on the rise. Many attribute this shift to relentless inflation, which hit 9.1% in July, the highest in over four decades.

Despite the Biden administration's stance that the nation isn't in a recession, key economic indicators suggest otherwise. CNSNews reported, ""The number of Americans not in the labor force—neither employed nor seeking employment—topped 100 million again, reaching 100,051,000 in July. This marks a 239,000 increase from June, following a 510,000 increase from May to June, when it hit 99,812,000.""

The BLS reported a 3.6% year-over-year decrease in real average hourly earnings for June. Jeffrey A. Tucker of the Brownstone Institute commented, ""We are witnessing the longest consecutive decline in real personal disposable income since 1959, coupled with a recent 16% rise in debt service as a portion of that income. Translation: It's a significant move toward personal impoverishment.""

The Wall Street Journal observed, ""The labor-force participation rate—or the proportion of adults working or looking for work—dipped to 62.1% in July from 62.2% the previous month."" It added, ""Although the economy has recovered all the jobs lost since February 2020, there are still 623,000 fewer people in the workforce, leading to higher wages due to a worker demand that exceeds supply."" Before the pandemic, the participation rate stood at 63.4% in February 2020.

The BLS defines the labor force participation rate as ""the number of people in the labor force as a percentage of the civilian noninstitutional population,"" further clarifying that ""the participation rate is the percentage of the population either working or actively seeking work.""

Ben Casselman, an economic reporter for The New York Times, noted, ""The labor force participation rate actually decreased slightly in July, a discouraging sign for those hoping a strong labor market would lure workers back. Participation among prime-age workers ticked up slightly but remains below its May peak.""

Danielle DiMartino, a former Federal Reserve insider, cautioned, ""Warning in the weeds: Labor force participation rate AND wage growth are declining most among those who benefited the most from post-pandemic stimulus spending.""

On Friday, Fox News White House reporter Peter Doocy pressed White House Press Secretary Karine Jean-Pierre about the declining labor participation rate. Doocy queried, ""The labor force participation rate is at its lowest level of the year now. Why do you think that is?"" Jean-Pierre responded, ""Participation actually ticked up.""

Doocy interjected, ""It declined 0.1 percentage points to 62.1 percent—the lowest level of the year."" Jean-Pierre clarified, ""It actually increased for prime-age workers, specifically those aged 25 to 54, and for those 65 and older. The decrease this month was primarily among teenagers. It's important to note that the labor force participation rate has rebounded relatively quickly compared to past trends, so we've seen an overall uptick in the labor force.""",
10,www.theblaze.com,climate,2022,7,Unreliable,"A Biden administration plan to roll out new ESG rules may have been jeopardized after the U.S. Supreme Court limited the Environmental Protection Agency's regulatory powers Thursday.
Legal experts say that the court's 6-3 ruling that the EPA cannot regulate power plant emissions without congressional authority has far-reaching implications for President Joe Biden's climate change initiatives, including major new rules being developed by federal agencies.
One such rule is a proposed regulation from the Securities and Exchange Commission to force companies to disclose their carbon emissions. That controversial rule is related to the Great Reset movement's push for environmental, social, and governance scores — ESG scores — that signal to financial investors which companies are committed to fighting climate change or embracing left-wing causes.
The SEC's climate disclosure rule would require registered companies ""to provide certain climate-related information in their registration statements and annual reports."" If the rule is enacted, companies would have to disclose their greenhouse gas emissions, which could then become a factor that would negatively impact a company's ESG score.
However, the Supreme Court's reasoning in West Virginia v. Environmental Protection Agency, particularly surrounding the ""major questions"" legal doctrine, brings into question the SEC's authority to implement climate rules, according to legal experts.
John Pendergrass, vice president for programs and publications at the Environmental Law Institute, a D.C.-based nonprofit, told Financial Advisor the court's EPA ruling makes it unclear that the SEC's proposed rule is legal.
“Although the court’s decision in West Virginia v. EPA doesn’t directly affect the SEC climate disclosure rule, it certainly suggests the SEC, as well as every other agency, needs to emphasize the clear statutory basis for any new rule,"" Pendergrass said.
Under the ""major questions"" doctrine, an executive branch agency must have clear statutory authorization from Congress before it can regulate issues that have a broad impact on society. Chief Justice John Roberts cited this doctrine in his majority opinion finding that the EPA did not have the power to require coal-based power plants to switch to fossil fuel alternatives.
""The basis for the decision is essentially applicable across all the regulatory agencies, and we'd expect many actions by the SEC and other financial federal regulators to quickly become bullseyes for corporate America,"" Dennis Kelleher, CEO of Better Markets, told Reuters. He said the SEC's proposed rule was ""an obvious potential early target"" for further legal challenges after the EPA decision.
Still, some believe it is within the SEC's power to require companies to disclose emissions information.
But since the proposed disclosure rules are still related to financial information, Oriola said the Supreme Court would defer to the SEC's interpretation of its own regulatory authority under the ""Chevron deference"" legal doctrine. Congress ""gave the agency authority to promulgate disclosure requirements that are 'necessary or appropriate in the public interest or for the protection of investors,’” Oriola said.
This view was shared by climate change activists and shareholder advocates. ""We do not think yesterday’s SCOTUS rule on EPA Clean Air Act will have an impact on any court challenge to the SEC proposed rule on climate disclosure,” said Andrew Behar, CEO of As You Sow, a California-based shareholder advocacy group that promotes ""environmental and social corporate responsibility.""
“The new SEC rule that will require corporate disclosure be accurate, verified, and included in the audit is the most basic requirement of good governance and commerce. It simply ensures trust between companies and their shareowners,” Behar said.
However, opponents of the SEC's rule are expected to cite the Supreme Court's EPA decision in their legal challenges.
“Even before, it was clear that the SEC might have had a difficult time escaping judicial skepticism about the scope of agency authority to act in the climate area,” Howard Fischer, a partner at Moses & Singer and former SEC attorney, told Reuters. “The SEC’s argument that climate risk is finance risk is not likely to find a sympathetic ear at the Supreme Court.""",https://www.theblaze.com/news/supreme-court-s-epa-ruling-could-gut-biden-s-great-reset-plans,3.0,,Supreme Court's EPA ruling could gut Biden's Great Reset plans,"The Biden administration's plan to introduce new ESG regulations might have hit a snag after the U.S. Supreme Court curbed the Environmental Protection Agency's regulatory powers on Thursday. According to legal experts, the court's 6-3 decision declaring that the EPA cannot regulate power plant emissions without congressional approval could significantly affect President Joe Biden's climate change efforts, including substantial new rules being crafted by federal agencies. 

One of these initiatives includes a proposed regulation from the Securities and Exchange Commission that would compel companies to reveal their carbon emissions. This controversial rule ties into the Great Reset movement's push for environmental, social, and governance scores—ESG scores—which indicate to investors which businesses are actively combating climate change or aligning with progressive causes. The SEC's climate disclosure rule would mandate that registered companies ""provide certain climate-related information in their registration statements and annual reports."" Should this rule be enacted, businesses would need to disclose their greenhouse gas emissions, potentially affecting their ESG scores negatively.

However, legal experts suggest that the Supreme Court's rationale in the West Virginia v. Environmental Protection Agency case, particularly concerning the ""major questions"" legal doctrine, raises doubts about the SEC's power to enforce climate regulations. John Pendergrass, vice president for programs and publications at the Environmental Law Institute, a nonprofit in D.C., mentioned to Financial Advisor that the court's ruling on the EPA makes the legality of the SEC's proposed rule uncertain. 

“While the court’s decision in West Virginia v. EPA doesn’t directly impact the SEC climate disclosure rule, it certainly implies that the SEC, along with all other agencies, needs to clearly establish the statutory basis for any new rule,"" Pendergrass explained. The ""major questions"" doctrine requires an executive branch agency to have explicit statutory authorization from Congress before it can regulate matters that broadly affect society. Chief Justice John Roberts referred to this doctrine in his majority opinion, concluding the EPA lacked the authority to mandate coal-based power plants to switch to fossil fuel alternatives.

""The rationale behind the decision applies to all regulatory agencies, making it likely that actions by the SEC and other financial federal regulators will soon be targeted by corporate America,"" Dennis Kelleher, CEO of Better Markets, told Reuters. He noted that the SEC's proposed rule might be ""an obvious early target"" for legal challenges following the EPA decision.

Nonetheless, some argue the SEC has the authority to require companies to disclose emissions information. Oriola believes that since the proposed disclosure rules pertain to financial information, the Supreme Court would defer to the SEC's interpretation of its regulatory authority under the ""Chevron deference"" legal doctrine. Congress ""granted the agency authority to establish disclosure requirements that are 'necessary or appropriate in the public interest or for the protection of investors,’” Oriola stated.

This perspective resonates with climate change activists and shareholder advocates. ""We do not think yesterday’s SCOTUS ruling on EPA Clean Air Act will affect any court challenge to the SEC proposed rule on climate disclosure,” said Andrew Behar, CEO of As You Sow, a California-based shareholder advocacy group promoting ""environmental and social corporate responsibility.""

“The new SEC rule requiring corporate disclosure to be accurate, verified, and included in the audit is a fundamental aspect of good governance and commerce. It simply builds trust between companies and their shareholders,” Behar remarked. 

Yet, critics of the SEC's rule are anticipated to reference the Supreme Court's EPA decision in their legal arguments. “Even before, it seemed that the SEC might struggle to overcome judicial skepticism regarding the scope of agency authority in the climate sector,” Howard Fischer, a partner at Moses & Singer and former SEC attorney, told Reuters. “The SEC’s assertion that climate risk equates to financial risk is unlikely to resonate with the Supreme Court.""",
11,www.theblaze.com,climate,2021,3,Unreliable,"Climate scientists said that the pandemic lockdown has led to a historic decrease in CO2 emissions, but added that the equivalent of a lockdown every two years would be needed to fulfill the Paris climate agreement.
The study, which was published in Nature Climate Change, reported that carbon emissions had fallen by about 7% in 2020 from the previous year, a historic drop of 2.6 billion metric tons.
However, the scientists calculated that in order to meet the goals set by the Paris Agreement, the same drop of carbon emissions would be needed every two years, the equivalent of a lockdown in the same period.
The scientists did not recommend lockdowns every two years, but only that policy changes on the scale of a lockdown were necessary.
""We have failed to understand in the past that we can't have tackling climate change as a side issue. It can't be about one law or policy, it has to be put at the heart of all policy,"" said Corinne Le Quéré, the lead author of the study. ""Every strategy and every plan from every government must be consistent with tackling climate change.""
The United States pulled out of the Paris Agreement in 2019 under the direction of former President Donald Trump. Critics of the climate agreement have noted that the goals of the pact appear to unfairly target the United States while allowing for other nations to pollute with few regulations.
""President Trump made the decision to withdraw from the Paris Agreement because of the unfair economic burden imposed on American workers, businesses, and taxpayers by U.S. pledges made under the Agreement,"" said Mike Pompeo, who served as Secretary of State at the time.
The United States rejoined the Paris Agreement in February under President Joe Biden, who had promised to do so during the 2020 presidential campaign.",https://www.theblaze.com/news/lockdown-co2-emissions-paris-biden,3.0,,Researchers say lockdown led to historic decrease in CO2 emissions — but the equivalent of a lockdown every 2 years is needed,"Climate experts have observed a remarkable decline in CO2 emissions due to the pandemic lockdowns, yet they caution that to achieve the Paris climate agreement's objectives, a similar reduction would be necessary every couple of years. The findings, shared in the journal Nature Climate Change, highlight that carbon emissions in 2020 dropped by roughly 7% compared to the year before, marking a significant decrease of 2.6 billion metric tons.

The researchers pointed out that to align with the Paris Agreement goals, this level of carbon emission reduction would need to happen biennially—akin to implementing lockdown measures every two years. They clarified, however, that they are not suggesting such frequent lockdowns, but rather advocating for policy shifts on a comparable scale.

Corinne Le Quéré, who led the research, emphasized, ""We've overlooked the fact that addressing climate change can't be an afterthought. It shouldn't rely on a single law or policy; it must be integral to all policymaking."" She stressed the necessity for every government strategy and plan to align with climate change efforts.

In 2019, under former President Donald Trump, the United States withdrew from the Paris Agreement. Critics of the agreement have argued that it disproportionately impacts the U.S. while letting other countries continue to pollute with minimal restrictions. Mike Pompeo, then Secretary of State, explained, ""President Trump decided to exit the Paris Agreement due to the unjust economic strain it placed on American workers, businesses, and taxpayers under U.S. commitments.""

Under President Joe Biden, the United States re-entered the Paris Agreement in February, fulfilling a promise he made during the 2020 presidential campaign.",
12,www.cnn.com,health,2020,12,Reliable,"The first coronavirus vaccines are out – delivered by FedEx and UPS to hospitals across the country and into the arms of health care workers in hospitals in large cities such as New York and Washington, DC.
Boxes filled with dry ice and vaccine have been delivered to Kentucky and Louisiana, Michigan and Arizona.
It almost sounds as if people will be lining up everywhere before New Year’s to get a vaccine.
But while millions of health care workers and residents of nursing homes may get immunized against the virus before the end of the year, the rest of the population is going to have to wait for months.
Healthy adults under the age of 65 and children may well have to wait until late spring or even the summer, depending on how many vaccines get approved, how quickly they can be manufactured and distributed, and how the debate goes over allocation.
Here’s a look at what to expect from the coming coronavirus vaccination campaign.
Who can get a vaccine and when?
December is a month for some big decisions. The US Centers for Disease Control and Prevention’s Advisory Committee for Immunization Practices has voted to recommend that 21 million frontline health care workers and support staff and 3 million residents of long-term care facilities who have been hardest hit by the pandemic be in the first group.
It will be easiest to vaccinate these groups – they’re already in institutional settings and the nursing home residents can get vaccinated at the same time their caregivers are being immunized.
This decision is being made even before the US Food and Drug Administration has authorized a vaccine. The FDA has scheduled a meeting of its vaccine advisers – the Vaccines and Related Biological Products Advisory Committee – for December 10 to consider emergency use authorization for Pfizer and BioNTech’s Covid-19 vaccine, and another meeting on December 17 to discuss Moderna’s vaccine.
The FDA has promised to consider the committee’s advice before deciding on any vaccine. The committee is made up of outside experts who do not have a stake in any of the companies making coronavirus vaccines and who are independent of the federal government.
FDA officials say their decisions on the vaccines could come days to weeks after the meetings – it depends on what questions come up.
But in the fastest scenario, the FDA could give emergency use authorization (EUA) as soon as next week for Pfizer’s vaccine, and the federal government’s Operation Warp Speed has promised to start delivering vaccines within 24 hours after that.
Potentially, the same thing could happen the following week with Moderna’s vaccine.
Pfizer and Moderna started making vaccine even while they were still testing it and between them plan to have 40 million doses for the US market by the end of December. Each vaccine needs two doses, given three to four weeks apart.
If two or more vaccines get approved by the FDA, January might be when discussion really starts on who can get vaccinated and when.
Dr. Larry Corey of the University of Washington, who is heading up coronavirus vaccine clinical trials in the US, has said if both Pfizer and Modern get vaccines authorized, they could supply 50 million more doses in January and 60 million more in February and March.
That adds up to 150 million doses – enough to fully vaccinate 75 million people.
But there are way more people than that just in the groups tagged as priority groups in the US. The CDC estimates there are 21 million health care personnel, 3 million long-term care residents, 87 million essential workers, 100 million adults with high risk medical conditions and 53 million others 65 and older.
Several groups of independent experts have weighed in on how to allocate vaccines, including the National Academies of Science, Engineering and Medicine and Johns Hopkins University.
They’ve all laid out basic principles that include protecting the country’s health care system, protecting the most vulnerable people, controlling the spread of the virus and being equitable across society.
ACIP will need to meet to decide on the details off all these phases.
January might include some of the rest of Phase 1 of a four-phase vaccine rollout.
Phase 1b is roughed out to include essential workers, including emergency medical technicians, as well as frontline workers at very high risk of infection, such as food workers. This phase may also include older adults living in congregate settings or crowded conditions.
There’s a also a proposed Phase 1c, which might include people of all ages with underlying conditions such as diabetes and kidney disease who are at significantly higher risk of dying or getting severely ill from Covid-19.
By February, states may have hit their stride on vaccinating residents. Vaccination campaigns may move beyond hospitals and nursing homes, rehabilitation centers and other such facilities to pharmacies and medical practices.
More vaccines may be authorized or at least ready for authorization by January or February. It’s clear that Moderna and Pfizer alone cannot cover the US population. AstraZeneca, Johnson & Johnson and Novavax all have vaccines in Phase 3 trials, the last stage before seeking authorization or approval.
AstraZeneca is likely to seek US approval by January. Johnson & Johnson has said it will have efficacy data by January or February. Novavax is a little farther behind, but all of these companies will also be producing vaccines while testing goes on and might be adding to the count.
It’s possible that the US will still be in Phase 1 of vaccination in March, simply because of the sheer numbers involved. Anyone healthy and under 65 who is not an essential or high-risk worker would not be thinking about vaccination yet.
If more vaccines have been approved and brought online, it’s possible Phase 2 of vaccination could begin by now.
This group has not been decided yet, but Phase 2 might include K-12 teachers and staff and other child care workers, as well as other critical workers such as retail workers and transportation workers. This group could also include people in homeless shelters and all people over 65 who were not already included in phase 1.
Dr. Anthony Fauci, director of the National Institute of Allergy and Infectious Diseases, has a rosier forecast.
“I had been saying by my calculation, sometime by the end of March, the beginning of April that the normal healthy man and woman in the street, who has no underlying conditions, would likely get it,” Fauci told MSNBC on December 14, the day the first vaccines rolled out.
Young adults and children would have to wait until Phase 3 and under other scenarios that’s likely to be May at the soonest – perhaps June or later, depending on what ACIP decides, what the vaccine supply looks like and how smoothly distribution is going.
How much will it cost me?
The federal government has promised that any coronavirus vaccine will be provided free of charge to the American public. That would be very unlikely to change under a Biden administration. The federal government has paid $7.76 billion upfront to four companies alone for their vaccines; Pfizer, Moderna, AstraZeneca and Novavax, and tens of millions more upfront or in options to three other companies to guarantee they can develop coronavirus vaccines.
“We’ve paid for the vaccines, we paid for the shipping costs, and the administration costs … will be covered by healthcare payers, private insurance, Medicare, Medicaid, and our program to cover Covid-19 expenses for the uninsured,” Azar said December 3.
Where will I get it?
Hospital and health care workers will get the vaccine at their workplaces. They’re already set up to deliver vaccines. So will nursing home and long-term care facility residents and, when the time comes, residents of other congregate facilities such as assisted living and senior living homes. Pharmacy chains and big-box stores are also gearing up to deliver vaccines – think any place people normally get flu shots, including grocery store pharmacies and, of course, physician offices. School clinics may also be considered, especially in states where community clinics have been installed in schools.
Can it make me sick?
People who have tested out the Pfizer and Moderna vaccines have reported they can sometimes have a kick – causing soreness at the injection site and maybe a feeling of general malaise for a day or so. Vaccine experts say that’s a sign the vaccine is working, causing the immune system to rev up and generate a response.
There’s not much information about the other vaccines but AstraZeneca, after two scares, says it has recorded no serious side-effects among its volunteers. The FDA and companies will have extensive systems for reporting side-effects.
But none of the vaccines being tested for the US market uses even a piece of the real coronavirus, so there is no way they could give you a coronavirus infection.
Which vaccine should I get?
At first there will be little choice – both Pfizer and Moderna are providing a new type of immunization called an mRNA vaccine. It’s considered especially safe because it does not use a whole virus – just a piece of genetic material – and both seem especially effective, providing 95% protection against symptomatic disease.
What’s not known is how long that protection might last, whether either vaccine protects against asymptomatic disease and whether either stops people from spreading the virus to others.
Vaccines coming later might offer harder choices. AstraZeneca’s vaccine uses what’s called a replication deficient virus to deliver a piece of genetic material from the coronavirus. So does Johnson & Johnson’s vaccine. There’s not a lot of safety data about these vaccines yet, and no evidence the viral vectors could be harmful. Nonetheless, some doctors may be reluctant to offer them to patients with compromised immune systems, including those with rheumatoid arthritis or multiple sclerosis who are taking immune-suppressing drugs; pregnant women; people taking certain cancer treatments and others.
What hiccups might get in the way?
Get CNN Health's weekly newsletter Sign up here to get The Results Are In with Dr. Sanjay Gupta every Tuesday from the CNN Health team.
All these plans assume the states, which are in charge of distributing vaccines, get some money to do it. So far, Congress has not allocated any money for vaccine distribution. Senate Minority Leader Chuck Schumer, a New York Democrat, has estimated the states need $30 billion to get vaccine distribution plans into place.
And a US Government Accountability Office report issued in November found bottlenecks in the vaccine manufacturing process – not necessarily for the vaccines themselves, but for the vials and the other equipment needed to get vaccines into arms. US vaccine manufacturing has languished in recent decades, plus the pandemic itself has hurt the industry, the GAO found.",https://www.cnn.com/2020/11/30/health/covid-vaccine-questions-when/index.html,5.0,,When can I get a coronavirus vaccine?,"The first coronavirus vaccines have arrived, thanks to FedEx and UPS, and are being distributed to hospitals nationwide, where they are administered to healthcare workers in major cities like New York and Washington, DC. These shipments, packed with dry ice and vaccines, have made their way to states like Kentucky, Louisiana, Michigan, and Arizona. It feels like everyone might be queuing up for their shot before New Year’s. However, while millions of healthcare workers and nursing home residents might get vaccinated by year’s end, the rest of us will have to hang tight for a few months.

Adults under 65 and kids might have to wait until late spring or summer, depending on how many vaccines get the green light, how quickly they’re produced and distributed, and how the allocation debates unfold. Let’s dive into what we can expect from the upcoming vaccine rollout.

Who gets the vaccine and when? December is decision time. The CDC’s Advisory Committee for Immunization Practices has recommended that 21 million frontline healthcare workers and 3 million long-term care residents, who’ve been hit hardest by the pandemic, be first in line. Vaccinating these groups should be straightforward since they’re already in institutional settings, and nursing home residents can get their shots alongside their caregivers.

This decision is happening even before the FDA has given the official nod to a vaccine. The FDA has meetings lined up on December 10 and 17 to consider emergency use authorization for Pfizer/BioNTech and Moderna’s vaccines respectively. They’ve pledged to take the committee’s advice seriously before making any decisions. This committee consists of experts who are independent of the vaccine-making companies and the government.

FDA officials say their decisions could take anywhere from days to weeks post-meetings, depending on the questions that arise. In the quickest scenario, emergency use authorization for Pfizer’s vaccine could happen as soon as next week, and Operation Warp Speed has promised to start vaccine deliveries within 24 hours after that. Moderna’s vaccine could follow suit the next week.

Pfizer and Moderna have been producing vaccines during testing and aim to have 40 million doses ready for the US by December’s end. Since each vaccine requires two doses spaced three to four weeks apart, the real conversation about vaccine distribution might kick off in January if two or more vaccines get approved.

Dr. Larry Corey from the University of Washington, who’s leading the US coronavirus vaccine trials, mentioned that if both Pfizer and Moderna get approval, they could provide 50 million more doses in January and 60 million more in February and March, equating to enough for 75 million people. But the priority groups alone outnumber this. The CDC estimates there are 21 million healthcare personnel, 3 million long-term care residents, 87 million essential workers, 100 million adults with high-risk medical conditions, and 53 million others aged 65 and older.

Various independent expert groups, including the National Academies of Science, Engineering and Medicine and Johns Hopkins University, have weighed in on vaccine allocation, emphasizing safeguarding the healthcare system, protecting vulnerable populations, controlling virus spread, and ensuring equitable distribution.

ACIP will need to meet to hash out the details of all these phases. January might see the continuation of Phase 1 in a four-phase rollout. Phase 1b could include essential workers like EMTs and frontline workers at high risk, such as food workers. This phase might also cover older adults in communal living situations.

A proposed Phase 1c could involve individuals of all ages with conditions like diabetes and kidney disease, who face a higher risk of severe Covid-19 outcomes. By February, states might hit their stride in vaccinating residents, expanding campaigns beyond hospitals and nursing homes to pharmacies and medical practices.

More vaccines might be ready by January or February, as Moderna and Pfizer alone can’t cover the entire US. AstraZeneca, Johnson & Johnson, and Novavax are in Phase 3 trials, the final stage before seeking approval. AstraZeneca could seek US approval by January, while Johnson & Johnson expects efficacy data by January or February. Novavax is a bit behind but could add to the vaccine count while testing continues.

The US might still be in Phase 1 by March due to sheer numbers. Healthy individuals under 65 who aren’t essential or high-risk workers wouldn’t be considering vaccination yet. If more vaccines are approved, Phase 2 could start by then.

Phase 2 hasn’t been finalized but might include K-12 teachers, child care staff, retail workers, transportation workers, people in homeless shelters, and individuals over 65 not covered in Phase 1. Dr. Anthony Fauci, director of the National Institute of Allergy and Infectious Diseases, gave an optimistic outlook. “By my calculation, sometime by the end of March, the beginning of April, the normal healthy man and woman in the street, who has no underlying conditions, would likely get it,” Fauci said on MSNBC on December 14, when the first vaccines rolled out.

Young adults and children fall into Phase 3, likely starting in May at the earliest, possibly June or later, depending on ACIP’s decisions, vaccine supply, and distribution efficiency.

What’s the cost? The federal government assures that any coronavirus vaccine will be free for Americans, a promise unlikely to change under the Biden administration. The government has prepaid $7.76 billion to four companies for their vaccines—Pfizer, Moderna, AstraZeneca, and Novavax—and millions more to three other companies to ensure vaccine development.

“We’ve paid for the vaccines, the shipping costs, and the administration costs will be covered by healthcare payers, private insurance, Medicare, Medicaid, and our program for Covid-19 expenses for the uninsured,” Azar stated on December 3.

Where will I get vaccinated? Healthcare workers will receive vaccines at work. Nursing home and long-term care residents, and eventually other facility residents like those in assisted living, will get vaccinated on-site. Pharmacy chains and big-box stores are prepping to administer vaccines—think places that offer flu shots, including grocery store pharmacies and doctor’s offices. School clinics might also be considered, especially in states with community clinics in schools.

Can it make me sick? Participants testing Pfizer and Moderna vaccines sometimes report soreness at the injection site and general malaise for a day or so—signs the vaccine is working, sparking an immune response. There’s limited info on other vaccines, but AstraZeneca assures no serious side-effects after two scares. Extensive systems will be in place for reporting side-effects.

None of the vaccines for the US market use actual coronavirus pieces, so they can’t cause an infection.

Which vaccine should I choose? Initially, choice will be limited—Pfizer and Moderna offer mRNA vaccines, considered safe as they don’t use a whole virus, just genetic material, and both show 95% effectiveness against symptomatic disease.

The duration of protection, efficacy against asymptomatic disease, and prevention of virus spread remain unknown.

Later vaccines might present tougher decisions. AstraZeneca’s vaccine uses a replication-deficient virus to deliver genetic material from the coronavirus, as does Johnson & Johnson’s vaccine. There’s scarce safety data, but no evidence of harm from viral vectors. Some doctors may hesitate to offer them to patients with compromised immune systems, such as those with rheumatoid arthritis or multiple sclerosis on immune-suppressing meds, pregnant women, cancer patients on certain treatments, and others.

What could cause delays? States are responsible for vaccine distribution and need funding to do it. Congress hasn’t yet allocated money for distribution. Senate Minority Leader Chuck Schumer estimates states need $30 billion to implement distribution plans.

A GAO report from November identified bottlenecks in manufacturing, not necessarily for vaccines, but for vials and equipment needed for vaccine administration. US vaccine manufacturing has slowed over decades, and the pandemic has further impacted the industry, according to the GAO.",
13,www.rt.com,politics,2021,11,Unreliable,"The number of asylum applications to the UK has reached the highest levels in almost two decades, figures released by the Home Office show, amid a surge in illegal crossings of the English Channel.
The number of claims reached 37,562 in the year to September, which is the highest total since 2004, the figures show.
That is an 18% jump on the previous year and even more than at the peak of the European migration crisis in the year ending June 2016, when 36,546 applications were received.
“The increase in applications is likely linked in part, to the easing of global travel restrictions that were in place due to the Covid-19 pandemic, and to an increase in small boat arrivals to the UK,” a Home Office spokesperson said, as quoted by Press Association.
Iranians were the top nationality claiming asylum every year since 2016. It was followed by Eritrea and Albania in the year ending September 2021. The number of applications from Taliban-controlled Afghanistan increased by almost 40% in the year to September.
The numbers have prompted anger in light of the death of 27 migrants who were trying to cross the Channel from Calais to reach the UK on Wednesday.
The Home Office said it offered protection, in the form of asylum, humanitarian protection or alternative forms of leave and resettlement, to 13,210 people, including dependants, in the year to September.
“A significant proportion of asylum claims in the last year should have been made in a first safe country, rather than people risking their lives making dangerous crossings, facilitated by people smugglers. Yesterday’s tragedy serves as the starkest possible reminder of the dangers of this,” the spokesperson said.
French authorities have blamed the British labour market for being “too attractive” to illegal migrants, while the UK government claims that France does not do enough to prevent the migrants from embarking on dangerous trips.
According to the British media, almost 26,000 people have crossed the Channel this year, which is already three times higher than the number of crossings registered in 2020.",https://www.rt.com/uk/541338-number-asylum-applications-uk/?utm_source=rss&amp;utm_medium=rss&amp;utm_campaign=RSS,3.0,,UK asylum claims soar to record high,"Asylum applications in the UK have skyrocketed to levels not seen in nearly twenty years, according to the latest figures from the Home Office. This uptick coincides with a wave of unauthorized crossings of the English Channel. Over the year leading up to September, there were 37,562 claims, marking the highest count since 2004.

This represents an 18% increase from the previous year, surpassing even the numbers during the European migration crisis, which peaked in June 2016 with 36,546 applications. A Home Office spokesperson, speaking to the Press Association, noted that this rise in applications could be partially attributed to the lifting of global travel restrictions due to the Covid-19 pandemic and a rise in arrivals via small boats.

Since 2016, Iranians have consistently topped the list of nationalities seeking asylum, followed by Eritreans and Albanians as of September 2021. Applications from Afghanistan, now under Taliban rule, surged by nearly 40% over the year leading to September.

These statistics have sparked outrage, especially following the tragic deaths of 27 migrants attempting to traverse the Channel from Calais to the UK on Wednesday. The Home Office reported that they had provided protection, through asylum, humanitarian protection, or other forms of leave and resettlement, to 13,210 individuals, including their dependants, in the year to September.

The spokesperson emphasized that many of these asylum claims should have been filed in the first safe country the individuals reached, instead of risking perilous journeys aided by human traffickers. The recent tragedy starkly highlights these dangers.

French officials have pointed fingers at the UK, suggesting its labor market is “too attractive” to illegal migrants. Meanwhile, the UK government criticizes France for not adequately preventing these hazardous voyages. British media reports indicate that nearly 26,000 people have crossed the Channel this year, a figure that is already triple the crossings recorded in 2020.",
14,www.rt.com,economics,2020,11,Unreliable,"The Indian economy is expected to grow 8.5 percent in the 2022 fiscal year, according to Barclays. The firm has raised its earlier projection of seven percent, saying the country will “return to normal” faster than expected.
The upward correction comes as the coronavirus curve in the world’s second-most populous nation begins to flatten. Confirmed coronavirus cases in the country have exceeded nine million, but the number of new daily cases has fallen since a peak in mid-September.
“The prospect of an effective vaccine in the near future and high serum prevalence of antibodies across the population support the case for a more durable economic recovery,” Barclays said in a note seen by the Economic Times.
The country’s GDP forecast for the current fiscal year has been revised, however, down to negative 6.4 percent from negative six percent. Barclays expects GDP to fall by 8.5 percent in the second quarter of the current fiscal year, almost in line with the Indian central bank’s forecast.
Last week, the Reserve Bank of India (RBI) projected the nation’s GDP to contract by 8.6 percent in the July-September quarter, implying the country was likely to have entered a technical recession in the first half of the year for the first time in its history.
Barclays’ projections were echoed by Morgan Stanley, which has said the Indian economy will see strong growth by April next year. “We maintain a constructive view on the economy and expect the growth recovery to gain strength from 2Q21,” Morgan Stanley’s 2021 Global Macro Outlook report said, noting that the growth would be accompanied by inflation under control.",https://www.rt.com/business/507254-india-economy-fast-growth-covid/?utm_source=rss&amp;utm_medium=rss&amp;utm_campaign=RSS,3.0,,India’s economy to return to normal faster than expected – Barclays,"Barclays has forecasted that India's economy will see an 8.5% growth in the fiscal year 2022, an increase from their earlier prediction of 7%. They credit this adjustment to the country's quicker-than-anticipated return to normalcy. This revision aligns with the flattening of the COVID-19 curve in India, the world's second most populous nation. Although over nine million cases have been confirmed, there has been a decline in the number of new daily infections since mid-September's peak.

In a note shared with the Economic Times, Barclays pointed out that the likelihood of an effective vaccine soon and widespread antibody presence among the population are key factors supporting a steadier economic recovery.

Nevertheless, the GDP estimate for this fiscal year has been downgraded to a negative 6.4% from a previous negative 6%. Barclays anticipates an 8.5% GDP decline in the second quarter of this fiscal year, which aligns closely with the forecasts from India's central bank.

Just last week, the Reserve Bank of India (RBI) predicted an 8.6% contraction in GDP for the July-September quarter, suggesting that India might have slipped into a technical recession in the first half of the year—a first in its history.

Morgan Stanley has also voiced similar expectations, suggesting robust economic growth by April next year. In their 2021 Global Macro Outlook report, they expressed optimism about the economy's upward trajectory, expecting growth to pick up momentum from the second quarter of 2021, alongside controlled inflation.",
15,www.bbc.com,health,2020,4,Reliable,"Spain has recorded another 864 deaths related to coronavirus, the highest in one day, as the total number of deaths across Europe has gone beyond 30,000.
More than 9,000 people have died in Spain, which is second only to Italy in fatalities caused by the virus.
Confirmed cases in the country have passed 100,000, but numbers show the infection rate continues to fall.
UN Secretary General António Guterres said the pandemic was the world's biggest challenge since World War Two.
The warning comes amid dire predictions about the possible economic impact of measures imposed to fight the virus. A UN report estimates that up to 25 million jobs could be lost around the world as the result of the outbreak.
The number of confirmed cases globally is now over 870,000, with more than 43,000 deaths, according to data compiled by Johns Hopkins University in the US.
Wednesday's number of deaths in Spain was marginally higher than the 849 announced the day before, and the country has now seen more than 800 deaths for five days in a row. But health officials believe the latest 12% increase in daily infections is further evidence that the rate has stabilised.
Spain has been in lockdown for over two weeks, with further restrictions on movement introduced two days ago. But health services in the hardest-hit areas, including Madrid and Catalonia, are still struggling, with shortages of medical equipment a particular problem.
Italy remains the worst-affected country, with a total of 105,792 confirmed cases and 13,155 deaths. Spain has 102,136 cases and 9,053 deaths. However, Italy has seen the daily rise in infection rates fall to less than 3%, well down on a few days ago.
The number of deaths in the US has now topped 4,000, and Iran says Covid-19 - the disease caused by coronavirus - has claimed 3,000 lives. Belgium said more than half its intensive care beds were occupied as it reported a rise of 123 deaths, bringing the country's death toll to 828.
Meanwhile France reported 509 deaths from Coronavirus in the last 24 hours, bringing the total to 4,032. It is the fourth country to record more than 4,000 fatalities after Italy, Spain and the US. The total number of confirmed cases is now 56,989, up about 9% from Tuesday.
The UK on Wednesday recorded 563 deaths in 24 hours - it is the first time its daily toll has been higher than France's. However Britain's overall death toll, 2,352, is still lower.
What did Mr Guterres say?
Speaking at the UN headquarters in New York Mr Guterres said: ""The new coronavirus disease is attacking societies at their core, claiming lives and people's livelihoods"".
He said it could bring a recession ""that probably has no parallel in the recent past"".
""Covid-19 is the greatest test that we have faced together since the formation of the United Nations,"" he said, calling for ""an immediate co-ordinated health response to suppress transmission and end the pandemic"".
Mr Guterres urged industrialised nations to help those less developed, or potentially ""face the nightmare of the disease spreading like wildfire"".
African finance ministers have appealed for $100bn (£80bn) in emergency financing, with debt relief from the International Monetary Fund, World Bank and European Union.
Manufacturing output in the UK in March hit its lowest point since 2012, and unemployment in Austria has soared 52.5% on March last year to its highest level since 1946. The crisis has not yet filtered through to Italian job levels with unemployment in February slightly down at 9.7%.
What are the latest developments around the world?
In the US, 865 people have died in the past 24 hours and in all more than 189,000 have been infected, Johns Hopkins reports.
President Donald Trump warned of ""a very, very painful two weeks"", as modelling by the White House's coronavirus task force estimated that between 100,000 and 240,000 people could die in the coming months.
What lessons should world learn from outbreak?
The coronavirus pandemic is stress-testing all institutions - national and global - and many are struggling to perform effectively in almost unprecedented circumstances.
There is an unseemly competition for scarce medical equipment. But experts at the Rusi think-tank in London are already looking to the future.
They argue the world needs a whole new kind of institution to deal with so-called ""black sky hazards"" - natural or man-made disasters that are of such a scale that they disrupt the whole global system of interdependent supply chains on which human life depends.
The authors, Karin von Hippel and Randolph Kent, say there is no current organisation to coordinate the sharing of information and policy options in the way that the World Health Organization covers public health.
They suggest a new body established by the UN, but not part of it, to provide a forum for promoting discourse and solutions for ever more entangled problems of global consequence. The aim, clearly, is to be better prepared next time.",https://www.bbc.com/news/world-europe-52117883,3.0,,"Coronavirus: Spain's deaths pass 9,000 as infection rate slows","Spain recently experienced its deadliest day yet in the battle against the coronavirus, with 864 fatalities reported in a single day. This brings the European death toll to over 30,000. In Spain alone, more than 9,000 individuals have lost their lives to the virus, positioning the country just behind Italy in terms of deaths. The number of confirmed cases in Spain has surpassed 100,000, although there's a silver lining as the rate of infection appears to be declining.

UN Secretary General António Guterres has voiced that the pandemic is the most significant challenge the world has faced since World War Two. His concerns align with grim forecasts regarding the potential economic fallout from the measures taken to combat the virus. A UN report suggests that the global job market could see up to 25 million positions vanish due to the outbreak.

Globally, confirmed infections have surged past 870,000, with more than 43,000 deaths, according to Johns Hopkins University in the US. Despite the slightly higher death toll in Spain on Wednesday compared to the 849 reported the previous day, health officials are optimistic. They interpret the latest 12% rise in daily infections as a sign that the situation is stabilizing.

Spain has been under lockdown for over two weeks, and additional movement restrictions were implemented just two days ago. Yet, healthcare facilities in heavily affected regions like Madrid and Catalonia remain overwhelmed, particularly due to a lack of medical supplies.

In Italy, which remains the epicenter of the crisis, there are 105,792 confirmed cases and 13,155 deaths. Although Italy is still severely impacted, the daily growth rate of new infections has dropped to below 3%, a significant decrease from earlier figures. Meanwhile, the US has seen its death toll surpass 4,000; Iran reports 3,000 fatalities; and Belgium's intensive care units are more than half full, with the country's death count standing at 828 after a rise of 123.

France reported 509 coronavirus-related deaths within 24 hours, increasing its total to 4,032, making it the fourth nation to exceed 4,000 deaths, after Italy, Spain, and the US. The country's confirmed cases have risen to 56,989, marking a 9% increase from Tuesday. The UK, on the other hand, recorded 563 deaths in one day, its highest daily total yet and surpassing France's numbers. However, the UK’s cumulative death toll remains at 2,352, which is still lower than France's.

During a speech at the UN headquarters in New York, Mr. Guterres emphasized that the coronavirus is profoundly affecting societies, endangering lives and livelihoods. He warned of a potential recession unlike any seen in recent history, describing Covid-19 as the greatest challenge faced since the UN's inception. He stressed the need for a swift, coordinated global health response to curb the virus and end the pandemic. Mr. Guterres also called on developed countries to support those less fortunate to prevent the disease from spreading uncontrollably.

Finance ministers in Africa have requested $100 billion in emergency funds and debt relief from entities like the International Monetary Fund, World Bank, and European Union. The economic impact is already evident in places like the UK, where manufacturing hit its lowest since 2012, and Austria, where unemployment has jumped 52.5% compared to the previous year, reaching its highest since 1946. Italy, however, hadn't yet seen a rise in unemployment by February, with the rate slightly down at 9.7%.

In recent global updates, the US reported 865 deaths over the past day, with infections exceeding 189,000 according to Johns Hopkins. President Donald Trump cautioned that the next two weeks could be extremely challenging, with White House models predicting between 100,000 and 240,000 potential deaths in the upcoming months.

The coronavirus pandemic is putting immense pressure on both national and global institutions, many of which are struggling under almost unprecedented conditions. Competition for limited medical resources is fierce. However, experts from London's Rusi think-tank have started looking ahead. They suggest the need for a new institution to handle ""black sky hazards""—massive natural or man-made disasters that disrupt global supply chains. Karin von Hippel and Randolph Kent propose creating a UN-backed organization, separate from the UN itself, to facilitate the sharing of strategies and information, aiming for better preparedness in the future.",
16,www.theblaze.com,health,2022,1,Unreliable,"The NCAA released updated COVID-19 guidance on Thursday for winter sports that recognizes athletes with natural immunity from previous coronavirus infection as equivalent to being ""fully vaccinated."" The new guidance also defines ""fully vaccinated"" as having taken both primary doses of a COVID vaccine as well as a third booster shot.
""The omicron variant has presented another surge of cases across the country,"" NCAA chief medical officer Brian Hainline said. ""This guidance was designed to align with the latest public health directives. Given how the pandemic continues to evolve, it's important that staff on member campuses continue to work with their local and state health officials on protocols most suitable for their locations.""
Under the new winter guidelines, the NCAA COVID-19 Medical Advisory Group defines ""fully vaccinated"" as any person who within two months has completed the primary dose of the Johnson & Johnson vaccine; with five months has completed the primary series of the mRNA Pfizer vaccine; or within six months has completed the primary series of the mRNA Moderna vaccine (two doses for both); and who has received a booster shot after the appropriate time period for each respective vaccine.
""A person who has had a documented COVID-19 infection in the past 90 days is considered the equivalent of 'fully vaccinated,'"" the guidelines also state.
The NCAA has also changed its quarantine and isolation requirements following recent updates from the Centers for Disease Control and Prevention.
People who contract COVID-19 are required to quarantine for just five days after a positive test and may end their isolation if they have no symptoms or symptoms are resolving after that period. After leaving quarantine, a person who tested positive must wear a face mask for another five days. On the sixth day after quarantine ends, student-athletes can fully participate in athletic activities provided they have a negative PCR/NAAT test or antigen test.
This is a significant change in policy that means any athlete, vaccinated or unvaccinated, may play games five days after a positive COVID-19 test as long as they test negative for the virus.
The NCAA said that close contacts of a person who tests positive for COVID-19 do not need to quarantine if they are fully vaccinated or if they have recovered from a recent coronavirus infection but should wear a mask around others for 10 days when not actively training or competing. People will not be required to wear masks during athletic activities.",https://www.theblaze.com/news/new-ncaa-guidelines-equate-natural-immunity-from-covid-19-infection-with-fully-vaccinated,4.0,,New NCAA guidelines equate natural immunity from COVID-19 infection with 'fully vaccinated',"The NCAA shared some fresh COVID-19 guidance for winter sports on Thursday, acknowledging that athletes with natural immunity from a past coronavirus infection are on par with being ""fully vaccinated."" According to this new guidance, being ""fully vaccinated"" now means having completed the initial COVID vaccine series and also getting a booster shot.

""The omicron variant has brought about another wave of cases across the nation,"" explained Brian Hainline, the NCAA's chief medical officer. ""This guidance aims to align with the latest public health advisories. As the pandemic keeps changing, it's crucial for staff at member campuses to collaborate with their local and state health officials to establish the most appropriate protocols for their areas.""

The recent winter guidelines from the NCAA COVID-19 Medical Advisory Group specify that ""fully vaccinated"" includes anyone who, within two months, finished the primary dose of the Johnson & Johnson vaccine; within five months, completed the primary series of the mRNA Pfizer vaccine; or within six months, completed the primary series of the mRNA Moderna vaccine (both requiring two doses); and who has received a booster shot after the recommended time frame for each vaccine.

The guidelines also mention that ""a person with a documented COVID-19 infection in the last 90 days is considered equivalent to 'fully vaccinated.'""

The NCAA has adjusted its quarantine and isolation rules to reflect the latest updates from the Centers for Disease Control and Prevention. Individuals who test positive for COVID-19 need to quarantine for just five days and can end their isolation if they are symptom-free or their symptoms are improving after this period. After exiting quarantine, those who tested positive must wear a mask for an additional five days. On the sixth day post-quarantine, student-athletes can return to full athletic participation if they have a negative PCR/NAAT or antigen test.

This marks a notable policy shift, allowing any athlete—whether vaccinated or not—to play in games five days after a positive COVID-19 test, provided they test negative for the virus.

The NCAA also stated that individuals in close contact with someone who tests positive for COVID-19 don't need to quarantine if they are fully vaccinated or have recently recovered from a coronavirus infection. However, they should wear a mask around others for 10 days when not actively training or competing. Masks are not required during athletic activities.",
17,www.bbc.com,politics,2020,4,Reliable,"Italy has ordered 156 migrants on board a German rescue ship off the western coast of Sicily to be transferred to another vessel and quarantined.
The migrants, mostly from Africa and the Middle East, must then undergo health checks, Italian officials said.
The German rescue vessel, Alan Kurdi, has been refused access to Italian and Maltese ports over coronavirus fears.
Italy's transport ministry said the move was necessary because Sicily's health services were already stretched.
Allowing the migrants to disembark from the Alan Kurdi ship, operated by the German humanitarian group Sea-Eye, would put too much pressure on the island's local authorities, Italy's civil protection chief Angelo Borrelli said.
As of Sunday, Italy as a whole had reported 19,899 coronavirus deaths and more than 156,363 confirmed infections.
The country reported 431 deaths over a 24-hour period - the lowest daily rise in more than three weeks.
Mr Borrelli signed a document on Sunday ordering the Coast Guard, with the assistance of the Italian Red Cross, to provide a ship ""in the next few hours"" to quarantine and test the 156 migrants near Italian territorial waters, local media report.
No decision has been made about the final destination of the migrants, who were rescued from small boats in distress off the Libyan coast, officials said.
Italy has previously said that migrants rescued and brought to its shores become the responsibility of the European Union (EU) and should be fairly distributed among member states.
Sea-Eye has also called on EU leaders to find a more permanent solution to the migrant crisis in the Mediterranean.
Earlier this month, the EU's top court - the European Court of Justice - ruled that Poland, Hungary and the Czech Republic had broken EU law by refusing to take in refugees under an agreement to ease the burden faced by Italy and Greece.
In Greece, a number of migrant facilities were recently quarantined after residents tested positive for coronavirus. Aid groups have warned that an outbreak of Covid-19 at overcrowded camps - where sanitation is poor - could allow the virus to spread quickly.
There have so far been no confirmed cases of the virus in camps on five Greek islands, where roughly half of all EU asylum seekers live.",https://www.bbc.com/news/world-europe-52263969,3.0,Reliable ,Coronavirus: Italy orders rescued migrants onto quarantine ship,"Italy has decided to transfer 156 migrants from a German rescue ship anchored off Sicily's western coast to a different vessel where they will be quarantined. These migrants, mainly hailing from Africa and the Middle East, will also undergo medical evaluations, according to Italian authorities. The German ship, named Alan Kurdi and operated by the humanitarian group Sea-Eye, has been denied entry to ports in Italy and Malta due to concerns about the coronavirus.

The Italian transport ministry explained that this decision was necessary because Sicily's health services were already under significant strain. Allowing the migrants to leave the Alan Kurdi would have overwhelmed the island's local resources, stated Angelo Borrelli, the head of Italy's civil protection.

As of Sunday, Italy had reported a total of 19,899 deaths related to the coronavirus and over 156,363 confirmed cases. On that day, 431 new deaths were recorded over 24 hours, marking the smallest daily increase in more than three weeks.

Borrelli signed off on a directive on Sunday instructing the Coast Guard, with help from the Italian Red Cross, to provide a ship ""within the next few hours"" for the purpose of quarantining and testing the migrants near Italy's territorial waters, as reported by local media. Officials have yet to decide the ultimate destination for these migrants, who were saved from distressed small boats off the Libyan coast.

Italy has previously stated that migrants rescued and brought to its shores should become a shared responsibility of the European Union (EU) and be equitably distributed among its member nations. Sea-Eye has also urged EU leaders to develop a long-term strategy to address the ongoing migrant crisis in the Mediterranean.

Earlier this month, the European Court of Justice, the EU's highest court, ruled against Poland, Hungary, and the Czech Republic for violating EU law by refusing to accept refugees as part of an agreement designed to alleviate the pressures on Italy and Greece.

In Greece, some migrant centers were recently placed under quarantine after residents tested positive for the coronavirus. Aid organizations have cautioned that a Covid-19 outbreak in overcrowded camps, where sanitary conditions are lacking, could lead to rapid virus transmission. To date, there have been no confirmed cases of the virus in camps on five Greek islands, which house about half of all EU asylum seekers.",
18,www.theblaze.com,politics,2022,4,Unreliable,"The arrests of two illegal alien sex offenders at the U.S.-Mexico border this week once again spotlighted the brokenness of the country's immigration enforcement system under President Joe Biden.
In a news release Tuesday, U.S. Customs and Border Protection announced that agents in the Del Rio Sector apprehended two Mexican nationals for illegally entering the country with past sex abuse convictions — one of whom has been deported a whopping 10 times in the last two years.
Humberto Alvarez-Peralta, 42, was reportedly picked up by agents shortly after crossing the border on April 13. A subsequent biometric background investigation revealed that he had been convicted on a second-degree felony charge of sexual assault of a child in Liberty, Texas, in 1997.
Despite being repeatedly apprehended and removed from the U.S., Alvarez-Peralta continued to re-enter the country seemingly without consequence. He was most recently deported in March 2022, according to the Department of Homeland Security.
Another illegal alien sex offender — 63-year-old Hipolito Hernandez-Acosta — was reportedly apprehended on April 14 shortly after illegally entering the country. During processing, it was revealed that Hernandez-Acosta has a lengthy criminal record that includes a felony conviction for statutory rape in Georgia in 1995.
He, too, had been ordered for removal from the country on three separate occasions.
Under U.S. law, illegal alien convicted felons with prior removals can be prosecuted for re-entry after deportation, a charge that carries a possible sentence of 20 years in prison. However, it appears that federal authorities refrained from taking such an action against Alvarez-Peralta and Hernandez-Acosta until now.
TheBlaze reached out to the Department of Homeland Security seeking answers as to why. This article will be updated if a response is offered.
In its news release, CBP noted that the apprehension of sex offenders at the U.S.-Mexico border has been on the rise of late, especially in the Del Rio Sector.
Earlier in the month, agents arrested two other border-crossers with past sex offense convictions. Prior to that, between October 2021 and March 2022, agents arrested 19 sex offenders in that region alone.
During that same time period, Del Rio agents have reportedly encountered more than 660 criminal migrants in total.",https://www.theblaze.com/news/border-agents-arrest-sex-offender-deported-10-times,3.0,Unreliable,Coronavirus: Italy orders rescued migrants onto quarantine ship,"This week, the capture of two illegal immigrant sex offenders at the U.S.-Mexico border once again highlights the issues plaguing the nation's immigration system under President Joe Biden's administration. On Tuesday, U.S. Customs and Border Protection shared a news release revealing that agents in the Del Rio Sector detained two Mexican nationals who had illegally entered the U.S. Both individuals had prior convictions for sex-related crimes, and one has been deported an astonishing 10 times in just the past two years.

Humberto Alvarez-Peralta, a 42-year-old, was apprehended by agents shortly after he crossed the border on April 13. A background check using biometric data showed he had been convicted of a second-degree felony for sexual assault of a child in Liberty, Texas, back in 1997. Despite multiple arrests and deportations from the U.S., Alvarez-Peralta managed to re-enter the country repeatedly without facing significant repercussions. The Department of Homeland Security reported that his most recent deportation was in March 2022.

Another offender, 63-year-old Hipolito Hernandez-Acosta, was caught on April 14 after unlawfully crossing into the U.S. During processing, it was discovered that Hernandez-Acosta had an extensive criminal history, including a felony conviction for statutory rape in Georgia in 1995. He has been ordered to leave the country three separate times.

Current U.S. laws allow for the prosecution of illegal immigrants with felony convictions who re-enter the country after being deported. This offense can lead to a prison sentence of up to 20 years. Nevertheless, it seems federal authorities had not pursued such charges against Alvarez-Peralta and Hernandez-Acosta until now. TheBlaze has contacted the Department of Homeland Security to inquire about this issue and will update the article if a response is received.

In their statement, CBP pointed out that the number of sex offenders being caught at the U.S.-Mexico border, particularly in the Del Rio Sector, has been increasing. Earlier in the month, agents detained two other individuals crossing the border with prior sex offense convictions. From October 2021 to March 2022, 19 sex offenders were arrested in that area alone. Throughout the same period, Del Rio agents encountered over 660 criminal migrants in total.",
19,www.rt.com,politics,2021,2,Unreliable,"The US Supreme Court has canceled arguments on two Trump-era immigration and border security cases, as President Joe Biden eases Donald Trump’s “zero tolerance” policies. However, the controversial detention of minors continues.
The cases related to Trump’s use of military funding to build his long-promised wall on the US-Mexico border, and his “remain in Mexico” asylum policy that required Central American migrants to wait in Mexico while their US asylum claims were processed. Both cases had been challenged by lower courts, and the Supreme Court was preparing to hear oral arguments in their favor until the Biden administration requested this week that they be dropped.
The court sided with Biden on Wednesday, striking the arguments from this month’s calendar. Though the move does not toss out the cases entirely, Biden’s Justice Department is highly unlikely to argue in defense of these policies, and the Biden administration’s plans to suspend the asylum program and discontinue construction of the wall could effectively render them moot in the near future.
Throughout his presidential campaign, Biden described the Trump administration’s border and immigration policies as “inhumane” and “cruel.” Upon taking office, he issued executive orders pausing construction on the border wall and asking the Department of Homeland Security to review the legality of its funding.
The “Remain in Mexico” policy was paused by Trump last year, with the former president citing the threat of coronavirus. New enrolments in the policy have been indefinitely suspended by Biden and, in an executive order signed on Tuesday, the president asked the DHS to consider whether to “terminate or modify” the policy.
However, the order does not address the tens of thousands of migrants who have already entered the program since it was implemented by Trump in 2019, and are currently in Mexico awaiting a decision on their applications.
The Carrizo Springs facility had been closed since 2019, and the surge in child arrivals that prompted its reopening has been blamed on a November court order that blocked the Trump administration from expelling unaccompanied minors back across the border on arrival. Despite a subsequent court order last week allowing the Biden administration to resume this expulsion policy, a senior Biden official told Axios that there are no plans to do so.",https://www.rt.com/usa/514532-supreme-court-trump-wall-immigration/?utm_source=rss&amp;utm_medium=rss&amp;utm_campaign=RSS,4.0,Reliable ,Illegal alien child sex offender deported 10 times in the last 2 years arrested again in Texas,"The US Supreme Court has decided to pull the plug on hearing arguments for two immigration and border security cases from Trump's presidency, as President Joe Biden starts to roll back Trump's strict ""zero tolerance"" approach. Still, the contentious detention of minors remains a hot topic.

These cases revolved around Trump's decision to divert military funds for the construction of the border wall between the US and Mexico, as well as his ""remain in Mexico"" policy, which forced Central American asylum seekers to stay in Mexico while their claims were being processed in the US. Lower courts had challenged these policies, and the Supreme Court was all set to hear arguments supporting them until the Biden administration stepped in this week asking for them to be scrapped.

On Wednesday, the court agreed with Biden, removing these arguments from its schedule. Although the cases haven't been completely dismissed, it's very unlikely that Biden's Justice Department will defend these policies. With Biden planning to halt the asylum program and stop the wall's construction, these issues might soon become irrelevant.

During his campaign, Biden labeled Trump's border and immigration measures as ""inhumane"" and ""cruel."" Once in office, he quickly issued orders to pause the wall's construction and urged the Department of Homeland Security to investigate the legality of its funding.

Trump had already put a hold on the ""Remain in Mexico"" policy last year due to COVID-19 concerns. Biden has now indefinitely stopped new enrollments in the policy and, in a recent executive order, requested the DHS to decide whether to ""terminate or modify"" it. 

However, this order doesn't tackle the situation of the tens of thousands of migrants already in the program since Trump launched it in 2019, who are currently stuck in Mexico awaiting decisions on their cases.

The Carrizo Springs facility, which had been shut down since 2019, was reopened due to an increase in unaccompanied minors arriving at the border. This spike has been attributed to a court ruling in November that prevented the Trump administration from deporting these minors upon arrival. Despite a court order last week allowing Biden's administration to resume this expulsion policy, a senior official informed Axios that there are no current intentions to reinstate it.",
20,www.rt.com,health,2021,3,Unreliable,"In the grand tradition of divide and conquer, the ruling class has set in motion a fool-proof way to keep us from uniting against the Great Reset and attendant restrictions on human freedoms – dupe us into snitching on each other!
In order to achieve the proper level of blanket obedience, it’s important that ordinary people trust the government unquestioningly – and fear and hate those who don’t. This is best accomplished by discrediting and distancing the target population from all non-approved information sources, whether that’s Grandma down in Florida or their favorite alt-media YouTube channel. The target must be informed in no uncertain terms that they’re in the midst of an ‘infodemic’ – a deadly (if invisible and intangible) swarm of ideas that must be resisted at all costs by keeping one’s eyes and ears firmly fixed on the news networks, lest one fail to keep up with the ever-shifting New Normal.
One of the first stateside images of the Covid-19 pandemic to outline that ‘normal’ in New York City showed a group of people walking innocently down the street while their neighbors, standing on their fire escape and looking down, yelled at them for failing to “social distance” adequately. The implication – as NYC gradually and then rapidly saw its Covid-19 numbers climb – was that the group of friends walking had failed to put the needs of the community above their own. The more New Yorkers could be like the man on the fire escape, the better. But without the necessary “perception management,” the people screaming on the fire escape would get bottles (and possibly bullets) thrown at them. Nobody likes a snitch – at least, no one did back then.
Rather than inspiring a legion of snitches to rise up, however, he was mocked ferociously. New York City Mayor Bill de Blasio similarly crashed and burned when he debuted a snitch hotline for the city, receiving a litany of dick-pics and Hitler memes instead of the photos of city residents failing to social distance that he’d asked for. Their “perception” hadn’t been adequately managed.
But it’s been a year since those abortive early efforts. Other municipalities have continued to push the snitch-line as a useful police-state tool, noticing that as lockdowns drag on, people become more desperate for companionship, willing to settle for a conversation with anyone – even the police officer who’s come to haul your neighbor away for thinking impure thoughts about Bill Gates. These interactions offer a tiny nugget of human companionship to sweeten the fundamentally antisocial act of sending the authorities after an innocent neighbor.
One trick has been to interrogate children. Kids in Vermont were asked – away from their parents – whether they’d been part of a “multi-family gathering” for Thanksgiving. If they answered yes, they were ordered to self-isolate for 14 days – or seven days if they were willing to submit to an invasive Covid-19 test. Never mind that they’re warping those kids’ brains for life, duping them into ratting out their own family, or that young children are almost always symptomless with Covid-19, can’t you see there’s a war – er, a pandemic – on?!
The proprietors of Snitch Nation have also learned that financial incentives are ideal where moral incentives don’t exist, and states like New York and Massachusetts quickly realized that trying to overcome people’s natural aversion to snitching needed some help. New York began offering $75,000 yearly salaries to contact tracers who’d done little more than pass a free online course offering some unusual definitions of “autonomy” (hint: it ceases to exist when someone fails to obey quarantine rules).
The contact-tracing course (which I took) offers more than the usual training in Orwellian ‘newspeak’, however. The chirpy-voiced instructor reminds the aspiring contact tracer that they are not under any circumstances to warn their friends or family if someone they know is infected, even it if means allowing their 80-year-old grandma to go risk her life playing bridge at the house of someone who just got out of the hospital being treated for Covid-19 and is still not well. One’s loyalty can be only to the state.
Shame! Shame! Shame!
As more Americans wake up to the fact that merely getting their double-dose of vaccine is not going to set the US on a path to normality – not unless 70, or is it 90, or maybe 100 percent of the rest of the country gets it – they’re going to need someone to blame, and it better not be the vaccine companies. After all, they’re already indemnified! The US can expect a heavy-handed scapegoating campaign aimed at shaming family, friends, and neighbors who harbor a healthy distrust towards a scientific establishment that changes its mind on a weekly basis.
And the media world is pushing Snitch Nation with all its might. Journalists like Brandy Zadrozny at NBC and Taylor Lorenz at the New York Times have made it their business to pry into the private lives of private citizens whose only ‘crimes’ are having the ‘wrong’ opinions, while another news anchor reported recently from a Florida supermarket, describing the shoppers’ maskless nonchalance as if it was a genocide being conducted in real-time. Wrongthink about politics and Covid-19 has merged to the point where anyone expressing a deviation from the official line regarding the pandemic is shrieked at, Invasion of the Body Snatchers-style, as a Trump supporter and set upon by the harpies of social media.
In such a climate, then, it’s no surprise there are so many Americans eagerly calling up the FBI and DHS to report their parents, uncles, sisters, and other family members who participated in the January 6 demonstration at the Capitol, whether they were there to “riot” or merely to protest, whether or not they actually made it into the building or merely stood outside marveling at the ineptitude of their government. Told their loved ones had been hopelessly radicalized by a dangerous cult and could have killed someone, they were led to believe their act of betrayal was one of love. No doubt the world is sick of Orwell references by now, but the torture facility in 1984 was called the “Ministry of Love” for a reason.
Texas teenager Jackson Reffitt turned his father in to the police before the man even attended the rally or told anyone in the family about it, insisting that he “just wanted someone to know” about it. The younger Reffitt was subsequently thrown out of his family’s home by his devastated mother and sisters, whom he admits were “absolutely ruined about the news from what I did.” But that brief flicker of remorse was crushed with the huge amount of money the young man subsequently raised via GoFundMe – a whopping $147,229 as of Thursday.
No longer saddled with student loans, car bills, or insurance costs, Reffitt has learned a chilling lesson about loyalty and values, as has everyone watching him swell with pride on CNN: family loyalty is not required to get through life, as long as one maintains a slavish, unwavering devotion to the police state. Copycats have already started turning in their own relatives and even ex-boyfriends, figuring they have nothing to lose (aside from their dignity, which isn’t fetching much on the market these days).
We live in a society...
Given the rapidly expanding class of ideas deemed ‘anathema’ over the last year, the rank and file of Snitch Nation can only be expected to grow. Should the rest of us fail to act – to remind our own loved ones that ratting out their neighbors for an extra piece of chocolate is fundamentally wrong on multiple levels – we can expect reinforced echo chambers, a further collapse in interpersonal relations, and an iron-fisted, jello-brained rule by a hopelessly alienated populace incapable of having a civilized discussion unless they already agree on every topic to be discussed beforehand. All those who engage in wrongthink will be branded with a scarlet letter and shown the door – no exceptions.",https://www.rt.com/op-ed/516698-snitch-family-divide-conquer-covid/,4.0,unreliabele,"Welcome to Snitch Nation: From kids to parents, it’s a race to rat out your (former) loved ones before they get you first","In a classic example of divide and rule, those in power have devised a flawless strategy to prevent us from banding together against the Great Reset and the associated curtailing of human freedoms—trick us into tattling on one another! To ensure complete compliance, it's crucial that regular folks place blind trust in the government while harboring fear and hostility towards those who don't. This is best achieved by discrediting and alienating the general public from any non-sanctioned information sources, whether that's a relative in Florida or their go-to alternative media YouTube channel. It's essential for people to be made aware, in no uncertain terms, that they are in the throes of an 'infodemic'—a perilous (albeit invisible) torrent of ideas that must be combated by steadfastly focusing on mainstream news outlets to keep up with the ever-evolving New Normal.

A memorable early image from the Covid-19 crisis in New York City depicted a group strolling down the street, while neighbors, perched on fire escapes above, shouted at them for not ""social distancing"" properly. As the city’s Covid-19 cases rapidly increased, the implication was clear: those walking had failed to prioritize the community's needs over their own. Emulating the man on the fire escape became the ideal. However, without the right ""perception management,"" those shouting from above might find themselves the target of ridicule—or worse. Back then, nobody fancied a tattletale.

But instead of sparking a legion of informants, this approach was ridiculed. New York City Mayor Bill de Blasio faced similar mockery when he launched a snitch hotline, only to receive a flood of inappropriate images and memes instead of the requested photos of residents flouting social distancing rules. Clearly, their ""perception"" had not been managed effectively.

Fast forward a year, and other places have continued to promote snitch lines as a valuable tool of control, noticing that as lockdowns persist, people become increasingly desperate for interaction, even if it’s just with the officer hauling away their neighbor for having unapproved thoughts about Bill Gates. These interactions offer a small taste of human connection to mask the inherently antisocial act of reporting an innocent neighbor.

One tactic has involved questioning children. In Vermont, kids were asked—away from their parents—if they had attended a ""multi-family gathering"" for Thanksgiving. Affirmative answers led to a mandatory 14-day self-isolation or a seven-day period if they agreed to an intrusive Covid-19 test. It didn’t matter that this could be mentally scarring for the kids, tricking them into betraying their family, or that children often show no symptoms with Covid-19—there's a pandemic, after all!

The architects of Snitch Nation have also realized that financial incentives work where moral ones fall short. States like New York and Massachusetts quickly saw that overcoming the natural aversion to snitching required a little extra. New York dangled $75,000 yearly salaries for contact tracers who'd done little more than complete a free online course with some peculiar definitions of “autonomy” (spoiler: it disappears when quarantine rules are ignored).

The contact-tracing course (which I completed) goes beyond typical training in Orwellian doublespeak. The chipper instructor insists that contact tracers must never, under any circumstances, warn friends or family if someone they know is infected, even if it means risking their 80-year-old grandmother attending a bridge game at a house where someone just out of the hospital for Covid-19 is still recovering. Allegiance must be to the state alone.

As more Americans come to grips with the reality that simply getting their two vaccine doses isn’t going to lead to normalcy—not unless 70, 90, or maybe even 100 percent of the population follows suit—they’re going to need a scapegoat, and it sure won’t be the vaccine companies. They’ve got immunity! A forceful blame game is expected, targeting family, friends, and neighbors who are sensibly skeptical of a scientific community that revises its stance weekly.

The media is all-in on promoting Snitch Nation. Reporters like Brandy Zadrozny at NBC and Taylor Lorenz at the New York Times have made it their mission to delve into the private lives of individuals whose only ‘crimes’ are having contrary opinions. Meanwhile, another anchor recently reported from a Florida supermarket, portraying shoppers’ mask-free attitudes as if witnessing an ongoing genocide. The fusion of political wrongthink with Covid-19 dissent is so complete that anyone expressing a different viewpoint is immediately branded a Trump supporter and attacked on social media.

In this environment, it’s no wonder so many Americans are eagerly contacting the FBI and DHS to report family members who attended the January 6 Capitol event, regardless of whether they were there to ""riot"" or simply protest, whether they got inside or just stood outside, bewildered by governmental incompetence. Convinced their loved ones had been radicalized by a dangerous cult and could have harmed someone, they were made to believe that their betrayal was an act of love. Though the world might be weary of Orwell references, the “Ministry of Love” in 1984 was named so for a reason.

Texas teenager Jackson Reffitt reported his father to the police even before the man attended the rally or mentioned it to the family, claiming he ""just wanted someone to know."" Consequently, he was expelled from the family home by his heartbroken mother and sisters, who were shattered by what he had done. Yet, any fleeting remorse was overshadowed by the substantial funds he later raised on GoFundMe—an impressive $147,229 as of Thursday.

Now free from student loans, car payments, or insurance, Reffitt has learned a sobering lesson about loyalty and values, as have all who watched him puff with pride on CNN: family allegiance isn’t necessary to thrive, so long as one remains unwaveringly devoted to the police state. Others have followed his lead, turning in their own relatives or even ex-partners, figuring they have nothing to lose (aside from dignity, which isn’t highly valued these days).

With a rapidly growing list of banned ideas, the ranks of Snitch Nation are expected to swell. If we don’t take action—reminding our loved ones that turning in neighbors for a minor gain is wrong on many levels—we can anticipate echo chambers becoming stronger, relationships deteriorating further, and a rigid rule by a disconnected populace unable to have a civil discussion unless they already agree on every topic in advance. Those guilty of wrongthink will face ostracism—no exceptions.",
21,www.theblaze.com,politics,2021,3,Unreliable,"Americans living in border states are not the only ones being harmed by the Biden administration's border crisis — government officials in Mexico are feeling some pain, too, and they're not happy about it.
What are the details?
Reuters reported Wednesday that Mexico's government is concerned the Biden administration's lenient approach to illegal immigration enforcement has both resulted in untenable levels of migration and created business for violent gangs and drug cartels.
According to internal assessments and intelligence gathering seen by the news agency, dangerous gangs are reportedly taking advantage of U.S. measures that ""incentivize migration"" by diversifying smuggling methods and winning over migrants as clients.
The Biden administration, intent on turning the page on former President Donald Trump's tougher stance toward illegal immigration, has unwittingly created a full-blown crisis on the southern border since coming into power, as unprecedented numbers of migrants continue to surge into the U.S. in anticipation of being received with open arms.
""They see him as the migrant president, and so many feel they're going to reach the United States,"" Mexican President Andres Manuel Lopez Obrador said of President Joe Biden during a recent meeting. ""We need to work together to regulate the flow, because this business can't be tackled from one day to the next.""
What else?
One Mexican official who spoke anonymously said organized crime units altered their modus operandi ""the day Biden took office"" and now are exhibiting ""unprecedented"" levels of sophistication.
""That includes briefing clients on the latest immigration rules, using technology to outfox authorities, and disguising smuggling operations as travel agencies,"" Reuters reported.
""Migrants have become a commodity,"" the official said.
Cesar Peniche, attorney general of Chihuahua, the Mexican state that shares the largest stretch of border with the U.S., noted that the border surge has encouraged gangs to recruit migrants as drug mules and kidnap others for money.
Many of the migrants hoping to gain entry into the U.S. are not from Mexico, but rather travel through the country from places in Central and South America, or elsewhere around the world.
Anything else?
Earlier this month, Democratic Rep. Henry Cuellar (Texas) warned the Biden administration that its open borders leniency could end up emboldening drug cartels.
""You just can't say, 'Yeah, yeah, let everybody in' — because then we're affected down there at the border,"" Cuellar told Axios.
""The bad guys know how to market this,"" he added.",https://www.theblaze.com/news/mexico-upset-biden-border-crisis,3.0,unreliable,"Report: Mexico upset ‘migrant president’ Biden is creating business for gangs, cartels","Folks living in states near the U.S.-Mexico border aren't the only ones dealing with the fallout from the Biden administration's border troubles—Mexican government officials are also feeling the heat, and they aren't thrilled about it.

So, what's going on? On Wednesday, Reuters shared that Mexico's government is pretty worried about how Biden’s relaxed stance on illegal immigration is leading to overwhelming migration numbers and giving violent gangs and drug cartels a boost in business. Their internal reports and intelligence suggest that these dangerous groups are cashing in on U.S. policies that ""encourage migration,"" by diversifying their smuggling tactics and attracting migrants as clients.

Since Biden took over, aiming to distance himself from Trump's tougher immigration policies, the southern border has turned into a real headache, with more migrants than ever flooding in, hoping for a warm welcome. Mexican President Andres Manuel Lopez Obrador recently commented that President Biden is seen as the ""migrant president,"" which leads many to believe they can make it to the U.S. ""We need to work together to manage the flow, because this business can't be solved overnight,"" Lopez Obrador emphasized.

What's more? A Mexican official, speaking on condition of anonymity, mentioned that crime groups changed their strategies ""the day Biden took office,"" showing off ""unprecedented"" levels of sophistication. These gangs are keeping migrants updated on the latest immigration policies, using tech to outsmart authorities, and even posing as travel agencies, Reuters mentioned. ""Migrants have become a commodity,"" the official stated.

Cesar Peniche, the attorney general of Chihuahua, the Mexican state with the longest border stretch with the U.S., pointed out that the surge at the border is pushing gangs to recruit migrants as drug carriers or kidnap them for ransom. Many migrants trying to enter the U.S. aren't actually from Mexico—they’re passing through from Central and South America, or even other parts of the world.

Anything else? Earlier this month, Democratic Rep. Henry Cuellar from Texas cautioned the Biden administration that its open-border approach could potentially empower drug cartels. ""You just can't say, 'Yeah, yeah, let everybody in'—because then we're impacted down there at the border,"" Cuellar told Axios. He added, ""The bad guys know how to market this.""",
22,www.cnn.com,climate,2021,5,Reliable,"Carbon emissions are a huge contributor to climate change, so companies are getting creative about finding ways to suck the heat-trapping element out of the atmosphere and slow global warming.
One Maine-based startup, Running Tide Technologies, is experimenting with farming kelp, a type of seaweed, in an effort to pull carbon from the air and store it deep beneath the ocean floor, potentially giving the world another nature-based tool to curb climate change.
Running Tide Founder Marty Odlin, a Dartmouth graduate and engineer whose family includes generations of fishermen, is working with a team of engineers, software developers, oceanographers, maritime professionals, data scientists and hatchery technicians to bury massive amounts of kelp at the bottom of the ocean. Odlin is aiming to “restore and then accelerate that natural process” of seaweed soaking up carbon from the atmosphere, he told CNN Business.
“Kelp is one of the fastest growing things in the world, so it pulls carbon in at the fastest rate of any species in the world,” Odlin said. From his uncle’s re-purposed lobster boat, he and his team use ocean currents to move the kelp to deep water where it can be sunk. Gravity then puts the kelp under tremendous pressure as it sinks to the deep ocean.
The seeds are grown in a hatchery, and once matured, the team puts the kelp into biodegradable buoys. As it grows, the plant eventually becomes too heavy for the buoy and sinks to the bottom of the ocean where the massive water pressure pushes it into the sea floor. “After the kelp grows, the biodegradable buoy will dissolve and lose its buoyancy and everything will sink to the ocean bottom,” Oldin told CNN. “The ocean is a tremendous natural carbon sink,” he added.
Odlin is working with scientists and universities to collect data to ensure that carbon is getting removed. “The positives for growing kelp is that it grows remarkably fast and the deep water environments it sinks to have really low temperatures which can limit decomposition back to carbon dioxide,” Peter Raymond, a professor of ecosystem ecology at Yale, told CNN Business.
Carbon sequestration has been a hot topic for some time, but the conversations surrounding the methodologies have picked up as the Biden administration focuses on combating climate change and developing clean energy technologies.
“There are a lot of really progressive companies out there that want to minimize their carbon footprint and we can sell the carbon removal service to those companies,” Odlin said of Running Tide’s overarching business strategy. When a company buys a carbon removal credit from Running Tide, Odlin and his team remove the carbon for them to offset the carbon they’re emitting to run their business.
E-commerce platform Shopify is Running Tide’s first big customer for carbon removal credits. Stacy Kauk, the director of Shopify’s sustainability fund told CNN Business she was surprised to learn that Running Tide wasn’t “relying on expensive equipment or energy-intensive processes, and yet their solution has huge potential for combating climate change.” Shopify is also helping Running Tide scale and commercialize their technology and create more partnership opportunities.
While planting trees can be one of the best ways to capture carbon, companies are trying to find new ways to step up to the plate now. “We can do large-scale afforestation efforts, but they’re not going to get us to where we need to go,” Odlin said of using trees for carbon sequestration. “They’re not removing carbon from the carbon cycle,” he added. “It’s kind of like temporary storage.” Plus, external factors such as wildfires and pine beetle infestations can completely destroy trees, eliminating the sequestration and releasing the carbon back into the atmosphere.
“Making it cheaper for businesses to invest in carbon capture and storage is the best way to immediately reduce fossil fuel emissions,” said Sally Benson, co-director of Stanford Energy’s Precourt Institute.",https://www.cnn.com/2021/05/03/business/running-tide-kelp-carbon/index.html,4.0,Reliable ,This startup grows kelp then sinks it to pull carbon from the air,"Carbon emissions are a major driver of climate change, prompting companies to think outside the box in their quest to extract this heat-trapping element from the atmosphere and mitigate global warming. Over in Maine, a startup named Running Tide Technologies is taking an innovative approach by cultivating kelp—a type of seaweed—to draw carbon from the air and bury it beneath the ocean floor. This could potentially serve as a new, nature-based strategy to combat climate change.

Running Tide's founder, Marty Odlin, who graduated from Dartmouth and comes from a long line of fishermen, is spearheading a project with a diverse team—engineers, software developers, oceanographers, maritime experts, data scientists, and hatchery technicians. Their goal? To submerge large quantities of kelp at the ocean's bottom. Odlin told CNN Business that he aims to ""restore and then accelerate that natural process"" of seaweed absorbing atmospheric carbon.

""Kelp is one of the fastest-growing organisms on Earth, so it captures carbon faster than any other species,"" Odlin explained. Operating from his uncle’s converted lobster boat, he and his team rely on ocean currents to transport the kelp to deeper waters, where it can sink. As the kelp descends, gravity subjects it to immense pressure, pressing it into the ocean floor.

The process begins with growing seeds in a hatchery. Once mature, they’re placed in biodegradable buoys. As the kelp grows, it eventually becomes too heavy for the buoy, causing it to sink to the ocean floor where high water pressure embeds it into the seabed. ""Once the kelp matures, the buoy breaks down, loses its buoyancy, and everything sinks,"" Odlin explained to CNN. He added, ""The ocean is a massive natural carbon sink.""

Odlin collaborates with scientists and universities to gather data and confirm effective carbon removal. According to Peter Raymond, a Yale ecosystem ecology professor, ""Kelp grows incredibly fast, and the cold temperatures of deep water environments minimize its breakdown back into carbon dioxide.""

Discussions about carbon sequestration have been ongoing, but they’ve gained momentum as the Biden administration prioritizes climate change and clean energy solutions. ""Many forward-thinking companies want to reduce their carbon footprint, and we can offer carbon removal services to them,"" Odlin shared about Running Tide's business model. By purchasing a carbon removal credit from Running Tide, companies can offset the carbon they emit during operations.

Shopify, an e-commerce platform, is Running Tide's first significant client for carbon removal credits. Stacy Kauk, who oversees Shopify’s sustainability fund, told CNN Business she was impressed by Running Tide’s approach, which doesn't rely on costly equipment or energy-heavy processes but still holds significant promise for fighting climate change. Shopify is also aiding Running Tide in scaling and commercializing their technology and expanding partnership opportunities.

While planting trees is often seen as an effective carbon-capture method, companies are exploring new strategies. ""Large-scale tree planting efforts are feasible, but they won't fully meet our carbon removal needs,"" Odlin noted. ""Trees don't take carbon out of the carbon cycle; it's more like temporary storage."" Additionally, events like wildfires and pine beetle outbreaks can devastate forests, undoing sequestration efforts and re-releasing carbon.

Sally Benson, co-director of Stanford Energy's Precourt Institute, emphasized, ""Lowering the cost for businesses to invest in carbon capture and storage is the most effective immediate step to cut fossil fuel emissions.""",
23,www.rt.com,climate,2019,12,Unreliable,"The ill-fated COP25 has found a host location at the third time of asking but, just like its predecessors, the high-powered international summit looks to be big on gestures and small on reversing the direction of humankind.
Starting on Monday, COP25, or the 25th Conference of the Parties to the UN Framework Convention on Climate Change, to give the summit its full name, will bring together top officials from 197 countries with the aim of establishing a set of new national targets towards cutting emissions. The talks were originally due to be held in Brazil, but the government there pulled out 12 months ago. Chile offered to take over but, after weeks of street protests, the government there pulled out, too. Finally, the Spanish government stepped in four weeks ago to take over.
What are the talks about?
The talks will review the progress made since the much-ballyhooed Paris Agreement was signed at COP21 in December 2015. The Agreement aims to reduce emissions enough to keep global temperature rises 'well below' two degrees Celsius above pre-industrial levels, and ideally 1.5 degrees. The world has already warmed by about one degree Celsius from that baseline, leaving nations with even less leeway.
Each country has promised to set a national goal for lowering emissions along with a plan for how that might be achieved.
Does setting targets work?
There were two main problems with the Paris Agreement. First, there is no international mechanism to enforce the targets that countries declare. Beyond domestic laws and 'peer pressure' from other countries, there is no penalty for failure. Second, the cuts pledged so far are nowhere near sufficient, if climate models are correct, to stop the world warming by well over two degrees. Hence the demand for new, even more ambitious targets to be set, both in Madrid and at the 2020 meeting in Glasgow, UK.
Countries do seem to be stepping up their ambitions – or, at least, their rhetoric. For example, more and more countries are pledging to reach 'net zero' emissions by 2050 or shortly after. In the past few days, the new president of the EU Commission, Ursula von der Leyen, has demanded that EU member states commit to cutting emissions by 55 percent by 2030.
Do we believe politicians this time?
The record on achieving emissions cuts in this way is very poor. For all the grand declarations at UN events, the reality is that even the weak targets set so far have only been met by accident rather than by design.
For example, the Kyoto Protocol, signed in 1997, committed industrialized countries to cut overall emissions by five percent, compared to 1990, by 2012. The targets were just about met – but mainly because of the deindustrialization of Eastern Europe and Russia after 1990, along with unrelated events in Western countries, namely the economic crisis of 2008-09.
So, what will actually happen?
The scale of the problem is highlighted by the UN Environment Programme's Emissions Gap Report 2019, published on 26 November. The report analyses the 'emissions gap' between what is currently happening, what countries have pledged to do and the emissions reductions that are needed. In short, far from emissions falling rapidly or even stabilizing, they have carried on rising at about 1.5 percent per year.
That also means that the cuts that are needed to reach the goals in the Paris Agreement must be made even faster.
Should we even bother with emissions targets?
At which point, it is surely worth asking: is the problem a lack of political will, as many critics maintain, or is the whole process of setting targets simply wrong? When faced with the problem of maintaining or improving living standards for their own citizens, governments' first thought will always be to protect their own position rather than make cutbacks.
And Emmanuel Macron’s desire to go against his people with a fuel tax a year ago – which provoked a year of Yellow Vest protests – shows the political costs of the elite trying to impose its green policies on a reluctant electorate.
In truth, the West has barely recovered from the crash of 2008. Politicians are highly unlikely to jeopardize what little growth is happening by imposing more taxes and restrictions on pollution.
Even when the politicians do manage to squeeze policies through, they are highly cost-inefficient. Germany has spent over €300 billion ($330.5 bn) on introducing renewables like wind power and solar power, yet they make up just one-seventh of Germany's energy needs and German consumers now pay the highest electricity prices in Europe.
Is there a better way?
There is, if we stop predicting doom and put our faith into human ingenuity instead. For one thing, there is no 'climate emergency.' We should ignore the advice of Greta Thunberg to 'panic.' These claims are an attempt to silence dissent and debate, to force us to do what the eco-warriors want rather than take a balanced view.
1. Don't panic!
The world is likely to get warmer, whatever we do. But thanks to economic development - mostly powered by fossil fuels - we are in a better position to deal with whatever nature throws at us. Just one example: deaths from natural disasters have plummeted in the past century thanks to better transport, communications, healthcare and food supplies. We need more economic growth so we may drag billions more out of poverty and be even more resilient in the future.
Let's pick the 'low-hanging fruit' – the easiest and cheapest ways to cut emissions. For example, low-energy lighting both cuts energy use and saves money very quickly. Switching from coal to gas for electricity generation has been successful in the UK and US. Alongside that, let's invest in things that are good ideas in themselves, but also happen to cut emissions, so-called 'no regrets' policies. Electric and hydrogen-powered vehicles not only don't produce greenhouse gas emissions, but can drastically improve the air in our cities - and they need less maintenance, too. Let's strive to make them cheaper and more reliable.
Wind and solar can be useful if the conditions are right - where there's lots of sunshine or plenty of wind. Otherwise, they don't cut emissions by much and they are not reliable, but they do increase the cost of energy. We need reliable, affordable forms of low-carbon energy, whether it is existing technology like nuclear fission or new possibilities like nuclear fusion. Let's use some of the money we save on renewables to launch a new wave of energy research.
Some of these things will take time to come to fruition. But we must take the long term view – which is exactly what the green activists always demand. So instead of quick headline-grabbing but meaningless fixes to stave off the apocalypse, we must trust ourselves to work our way out. Not that you will hear much of that optimistic rhetoric in Madrid.",https://www.rt.com/op-ed/474749-cop25-un-climate-change-thunberg/,3.0,Unreliable,Kyoto failed. Paris failed. Will the Greta-starring Madrid UN climate conference be any different?,"COP25 has finally found a spot to host its gathering, though much like its predecessors, the summit seems heavy on promises but light on tangible change for humanity. Kicking off this Monday, COP25—officially known as the 25th Conference of the Parties to the UN Framework Convention on Climate Change—will unite officials from 197 nations to hash out new national goals for cutting emissions. Initially set for Brazil, the talks were relocated when the Brazilian government withdrew a year ago. Chile stepped up but then backed out amid street protests. It was Spain that ultimately took the reins, just four weeks ago.

What’s the agenda here?
The summit aims to review the strides made since the Paris Agreement was inked at COP21 back in December 2015. This Agreement is all about curbing emissions to keep global temperature hikes well beneath two degrees Celsius above pre-industrial levels, ideally hitting the 1.5-degree mark. The planet's already warmed by roughly one degree Celsius since then, leaving nations with even less wiggle room.

Every country has pledged to set a national target for emission reductions and a roadmap to get there.

Do these targets actually achieve anything?
The Paris Agreement faced two major hurdles. First, there's no global mechanism to enforce the targets countries set. Aside from domestic laws and peer pressure from other nations, there's no penalty for falling short. Second, the pledged reductions so far aren't nearly enough, according to climate models, to prevent the world from heating up beyond two degrees. Hence, the push for more ambitious targets both in Madrid and at next year's meeting in Glasgow, UK.

Countries appear to be increasing their ambitions—or at least their rhetoric. For instance, more nations are committing to reach 'net zero' emissions by 2050 or soon after. Recently, the new president of the EU Commission, Ursula von der Leyen, called for EU member states to slash emissions by 55 percent by 2030.

Can we count on politicians this time around?
The track record for meeting emissions cuts this way isn't great. Despite grand proclamations at UN events, the reality is that even the modest targets have often been achieved by accident rather than design.

Take the Kyoto Protocol from 1997, which required industrialized nations to reduce emissions by five percent compared to 1990 levels by 2012. Those targets were barely met—primarily due to Eastern Europe and Russia's deindustrialization after 1990 and the economic downturn in Western countries during 2008-09.

So, what’s the likely outcome?
The UN Environment Programme's Emissions Gap Report 2019, released on November 26, underscores the issue. It examines the gap between current actions, pledged efforts, and needed emissions reductions. In short, emissions are not dropping rapidly or stabilizing; they're increasing at about 1.5 percent yearly.

This means the cuts necessary to achieve the Paris Agreement goals need to happen even more swiftly.

Is it worth setting emissions targets at all?
At this juncture, it's worth pondering if the problem lies in a lack of political will—as many critics suggest—or if the target-setting process itself is flawed. When tasked with maintaining or enhancing living standards, governments naturally prioritize their own positions over cutbacks.

Emmanuel Macron's fuel tax attempt last year—which triggered the Yellow Vest protests—illustrates the political risk of elites imposing green policies on a reluctant public.

Truth be told, the West is still recovering from the 2008 crash. Politicians are unlikely to risk whatever growth is occurring by slapping on more taxes and pollution restrictions.

Even when policies do pass, they're often highly cost-inefficient. Germany has shelled out over €300 billion ($330.5 bn) on renewables like wind and solar power, yet these comprise only about one-seventh of Germany's energy needs, and German consumers now face the highest electricity prices in Europe.

Is there a better approach?
There is, if we stop forecasting doom and trust in human ingenuity. For starters, there’s no 'climate emergency.' We should ignore Greta Thunberg's advice to 'panic.' Such claims aim to stifle dissent and force compliance with eco-warriors' demands rather than encourage balanced discussions.

1. Avoid panicking!
The world will likely warm, regardless of our actions. But thanks to economic growth—largely fueled by fossil fuels—we're better equipped to handle whatever nature throws our way. Case in point: deaths from natural disasters have dramatically decreased over the past century due to improved transport, communication, healthcare, and food supply. We need more economic growth to lift billions out of poverty and boost resilience.

Let’s focus on 'low-hanging fruit'—the simplest, most cost-effective ways to cut emissions. For instance, low-energy lighting reduces energy use and saves money quickly. Switching from coal to gas for power generation has worked well in the UK and US. Alongside that, let's invest in ideas that are beneficial on their own but also cut emissions, known as 'no regrets' policies. Electric and hydrogen-powered vehicles not only cut greenhouse gas emissions but can also significantly enhance urban air quality—and they're easier to maintain. Let’s aim to make them more affordable and reliable.

Wind and solar are practical if conditions are favorable—abundant sunshine or wind. Otherwise, they don’t reduce emissions significantly and aren't reliable, though they do hike up energy costs. We need reliable, affordable low-carbon energy sources, whether it's current tech like nuclear fission or new possibilities like nuclear fusion. Let’s allocate savings from renewables towards launching new energy research.

Some of these initiatives will take time to mature. But we must adopt a long-term perspective—which is exactly what green activists advocate. Instead of chasing quick, flashy fixes to stave off apocalypse, we must trust ourselves to find a way forward. Not that you’ll hear much of this optimistic talk in Madrid.",
24,www.rt.com,economics,2018,9,Unreliable,"Massive declines in the agricultural, transport and retail sectors have dragged the South African economy into recession after nearly a decade of growth. It is a huge blow to President Ramaphosa's controversial reforms.
GDP in the second quarter contracted by 0.7 percent compared to the first three months of the current year. South African national currency, the rand, extended declines against the US dollar to more than two percent as government bonds fell after the released data.
“We are in a recession,” Statistician-General Risenga Maluleke said, commenting on the reports that reflect two consecutive quarters of contraction.
According to Statistics South Africa, agricultural production declined by 29.2 percent, while the transport, communication and storage sector dropped 4.9 percent. At the same time, mining output grew by 4.9 percent and finance by 1.9 percent.
The news is expected to increase concerns over the weakening rand, along with plans for a widely-debated land reform and negative after-effects triggered by state corruption under former president Jacob Zuma.
South African national currency plummeted under the pressure of emerging market jitters in Turkey and Argentina. It is expected to get worse amid investors' deep concerns about a government push for land reform that may have far-reaching economic consequences.
A draft proposal to confiscate white-owned farms and redistribute land to address racial inequalities was withdrawn for further study. However, the ruling African National Congress (ANC) has reaffirmed its commitment to the plan.
“This economy remains in the doldrums, that we are in desperate need for policy certainty and structural reform to get us onto a growth path,” Elize Kruger, an economist at Paarl, South Africa-based NKC African Economics, told Bloomberg.",https://www.rt.com/business/437613-south-africa-recession-rand-slumps/?utm_source=rss&amp;utm_medium=rss&amp;utm_campaign=RSS,3.0,Reliable ,South Africa suffers shocking drop in agriculture after government threat to confiscate land,"The South African economy has slipped into a recession after nearly ten years of expansion, largely due to significant downturns in the agriculture, transport, and retail sectors. This development represents a major setback for President Ramaphosa's attempts at reform, which have sparked debate.

The nation's GDP shrank by 0.7% in the second quarter compared to the first quarter of the year. In response to this economic data, the South African rand weakened further against the US dollar, dropping over 2%, and government bonds also took a hit.

""We are in a recession,"" announced Statistician-General Risenga Maluleke, referencing the reports that showed two consecutive quarters of economic decline.

Statistics South Africa revealed that agricultural output fell sharply by 29.2%, and the transport, communication, and storage sectors saw a 4.9% decrease. Meanwhile, mining experienced a growth of 4.9%, and the finance sector increased by 1.9%.

This news is likely to heighten worries about the declining rand and the implications of proposed land reforms, coupled with the lingering fallout from state corruption during Jacob Zuma's presidency.

The South African currency has been under strain due to broader market turbulence in countries like Turkey and Argentina. Investor anxiety is expected to rise further as the government pushes forward with land reform plans that could have significant economic impacts.

A preliminary proposal to seize white-owned farms for redistribution, aimed at addressing racial disparities, was pulled back for more deliberation. Nevertheless, the ruling African National Congress (ANC) continues to support the initiative.

""Our economy is struggling, and we urgently need clear policies and structural changes to achieve growth,"" Elize Kruger, an economist at NKC African Economics in Paarl, South Africa, shared with Bloomberg.",
25,www.bbc.com,climate,2019,8,Reliable,"Scientists are to deliver a stark condemnation of the damage being done to the land surface of the planet.
Human activities have led to the degrading of soils, expanded deserts, felled forests, driven out wildlife, and drained peatlands, they will say.
In the process, land has been turned from an asset that combats climate change into a major source of carbon.
The scientists will say this land abuse must be stopped to avoid catastrophic climate heating.
What is climate change?
How can the land protect us from climate change?
Uncultivated land covered with vegetation protects us from overheating because the plants absorb the warming gas CO2 from the air and fix it in the soil.
But the scientists meeting in Geneva, Switzerland, will say the way we farm and grow timber often actually increases emissions of carbon dioxide.
Between a quarter and a third of all greenhouse gas emissions are now estimated to come from land use.
The scientists will warn of a battle for land between multiple competing demands: biofuels, plant material for plastics and fibres, timber, wildlife, paper and pulp - and food for a growing population.
Their report will say we need to make hard choices about how we use the world’s soil.
And it will offer another warning that our hunger for red meat is putting huge stress on the land to produce animal feed, as well as contributing to half of the world’s emissions of methane - another greenhouse gas.
What is the report?
The document’s being finalised this week among scientists and government officials on the UN's Intergovernmental Panel on Climate Change (IPCC).
It will become the most authoritative report yet on the way we use and abuse the land. Scientists hope it will give the issue of land use greater prominence in negotiations on climate change.
At its heart will be the paradox that the land can be a source of CO2 emissions, or a sink for CO2 emissions.
The question is how we use it.
Why is that an issue?
Take the fenlands in the east of England – a huge expanse of lowland peat.
In its natural state, it’s saturated with water. But over centuries, 99% of it has been drained for farming. Food crops don’t grow in peat bogs.
The remaining un-drained 1% is Wicken Fen, a plot owned by the charity the National Trust, where the soft black soil is still 4m deep.
The surrounding drained farmland is noticeably lower, because as it’s been drained the peat has shrunk to just 50cm thick.
Between 1-2% of the soil on the drained farmland is still being lost every year.
That’s because when peat is exposed to the air, it oxidises and produces CO2.
But here’s the problem: the peaty fields are also some of the most productive cropland in the UK – they’re known as Black Gold.
Farmers want to grow food on them – not soak them to save carbon.
One young farmer, Charles Shropshire, told me he was concerned about carbon loss from his fields.
He’s already finding that existing climate change is disrupting growing patterns.
So now he’s adopting so-called “regenerative farming” techniques - such as shallow ploughing, keeping the land covered in vegetation in the winter, and using drip-feed watering.
He’s willing to experiment with National Trust ideas such as re-wetting the soil over the winter, or growing sphagnum moss for use in beauty treatments or hanging baskets.
But many other farmers don’t want to change the way they run their business.
And all round the world you’ll find similar stories as farmers strive to increase production of the food people want, which can negatively affect land in the long term.
Part of the problem is that consumption of meat and vegetable oils has doubled since the 1960s.
Can we solve the problem?
Scientists say the problem is huge. They admit it will be hard to solve, especially as conservation-style farming would involve teaching half a billion farmers to work differently.
Are the solutions agreed?
There’s still some debate. One option is to concentrate intensive farming into the smallest possible area of land, in order to leave as much natural land as possible to soak up CO2.
Another option is to farm in a less intensive, more climate-friendly way – but that means taking up more natural land to compensate.
Either way, the report will warn that the poorest farmers will be hardest hit by global warming, and they’ll be least able to afford new technologies to change the way they farm.
Will the report change policies?
Prof Jane Rickson from Cranfield University, UK, told us: “Increased temperatures and heavier rainfall will aggravate soil erosion, compaction, loss of organic matter, loss of biodiversity, and landslides… many of which are irreversible.
“I hope the final IPCC report will be robust enough to motivate politicians and land managers to implement policies and practices that will reverse, mitigate and adapt to the climate crisis”.
Follow Roger on Twitter.",https://www.bbc.com/news/science-environment-49149761,4.0,Reliable ,South Africa suffers shocking drop in agriculture after government threat to confiscate land,"Scientists are about to issue a strong criticism of the harm being inflicted on Earth's land surfaces. They plan to highlight how human actions have degraded soils, expanded deserts, cut down forests, displaced wildlife, and drained peatlands. This misuse of land has transformed it from a climate change ally into a significant carbon source. They'll emphasize that this abuse needs to stop if we want to prevent severe climate warming.

What exactly is climate change? And how can land help shield us from it? Undisturbed land with vegetation acts as a buffer against rising temperatures because plants absorb carbon dioxide, a warming gas, from the atmosphere and store it in the soil. However, scientists gathering in Geneva, Switzerland, will point out that our current farming and timber practices often lead to increased carbon emissions. It's estimated that land use now accounts for 25% to 33% of all greenhouse gas emissions.

The experts will caution about the competition for land among various demands: biofuels, materials for plastics and fibers, timber, wildlife conservation, paper, pulp, and food for a growing population. The upcoming report will stress the tough decisions we face regarding soil use. Additionally, it will warn about the strain our appetite for red meat places on the land, as it requires substantial resources for animal feed and contributes to half of the world's methane emissions, another greenhouse gas.

So, what's in this report? This week, scientists and government officials are finalizing it for the UN's Intergovernmental Panel on Climate Change (IPCC). Once released, it will be the most comprehensive document yet on land use and misuse. Researchers hope it will elevate the importance of land use in climate change discussions. The core issue is the paradox that land can either emit CO2 or absorb it, depending on how it's managed.

Why is this a problem? Consider the fenlands in eastern England—a vast area of lowland peat. Naturally, it's waterlogged, but over centuries, 99% has been drained for agriculture because food crops can't thrive in peat bogs. The last 1%, known as Wicken Fen, is preserved by the National Trust, with its soil remaining 4 meters deep. In contrast, the surrounding drained farmland has shrunk to just 50 centimeters thick due to drainage. Each year, 1-2% of this soil is lost, as exposed peat oxidizes and releases CO2. Yet, these peaty fields are among the most fertile in the UK, dubbed Black Gold, and farmers are keen to cultivate them rather than rehydrate them for carbon conservation.

Charles Shropshire, a young farmer, expressed concerns about carbon loss from his land. He's already noticing disruptions in growing patterns due to climate change. To address this, he's turning to ""regenerative farming"" methods like shallow plowing, keeping the land vegetated in winter, and using drip irrigation. He's open to experimenting with National Trust ideas like winter soil re-wetting or growing sphagnum moss for beauty products or hanging baskets. However, many farmers resist altering their methods. Worldwide, similar dilemmas arise as farmers aim to boost food production, often to the detriment of long-term land health. A contributing factor is that meat and vegetable oil consumption has doubled since the 1960s.

Can we tackle this issue? Scientists acknowledge the problem's enormity and admit it's a challenging fix, especially since conservation-style farming would require retraining half a billion farmers.

Are there agreed solutions? Opinions vary. One proposal is to concentrate intensive farming on the smallest area possible, leaving more natural land to absorb CO2. Alternatively, farming could be less intensive and more climate-friendly, but this would require more land. Regardless, the report will highlight that the poorest farmers will suffer the most from global warming and will struggle to afford the new technologies needed to change their practices.

Will this report influence policy changes? Professor Jane Rickson from Cranfield University, UK, shared with us: ""Rising temperatures and heavier rainfall will exacerbate soil erosion, compaction, loss of organic matter, biodiversity loss, and landslides... many of these are irreversible. I hope the final IPCC report will be robust enough to inspire politicians and land managers to adopt policies and practices to reverse, mitigate, and adapt to the climate crisis.""

Stay updated with Roger on Twitter.",
26,www.bbc.com,economics,2022,8,Reliable,"Higher borrowing costs reduce spending and economic activity. But top economic officials in the US have said they hope the US labour market will remain strong enough to allow the Federal Reserve to raise rates without triggering a recession.
Treasury Secretary Janet Yellen, who previously led the bank, said last week that the economy was shifting from its booming post-pandemic recovery to a more solid and steady phase of growth.
""The unexpected acceleration in non-farm payroll growth in July, together with the further decline in the unemployment rate and the renewed pick-up in wage pressure, make a mockery of claims that the economy is on the brink of recession,"" said Michael Pearce, senior US economist for Capital Economics.
The US has now regained all 22 million jobs lost when the pandemic hit in 2020, the Labor Department said. The jobless rate has also returned to its pre-pandemic level, hovering at 50-year lows.
Product manager Ian Charles lost his job a few weeks ago when his financial technology company announced a wave of cuts, citing the shift in investor sentiment that was making it harder for start-ups to raise money.
The 33-year-old was surprised - and initially, panicked, remembering how difficult his job search had been a few years earlier. But this time, he said, ""it's a totally different ballgame.""
""People have really been coming out in droves on LinkedIn - both people I actually know from grad school and former colleagues to just random recruiters,"" he said.
""I was panicking at the start ... but this time around I've seen in a month how much easier it's been to get traction,"" he said. ""Opportunities keep coming, which is really weird to me because everyone keeps talking about how we're headed for a recession and things could be slowing down, but I don't see it reflected on the ground.""
The bank has already announced rate rises four times since March, responding to consumer prices that are increasing at their fastest pace since 1981. The inflation rate surged again in June to 9.1%.
""Nice to see this many jobs added but it is scary about what it means for the size of the adjustment we may have coming,"" he wrote on Twitter. ""Recession is now less of a worry. Inflation is more of a worry. The Fed will likely need to do more.""",https://www.bbc.com/news/business-62438987,4.0,Reliable ,US jobs growth jumps in July despite slowdown fears,"Higher borrowing costs tend to dampen spending and economic activity. However, top economic officials in the U.S. have expressed optimism that the labor market will stay robust enough for the Federal Reserve to hike rates without sparking a recession. Last week, Treasury Secretary Janet Yellen, who once headed the bank, mentioned that the economy is transitioning from its booming post-pandemic recovery to a more solid and steady growth phase.

Michael Pearce, a senior U.S. economist at Capital Economics, remarked, ""The unexpected increase in non-farm payroll growth in July, along with the further drop in the unemployment rate and the renewed pressure on wages, makes it laughable to suggest the economy is teetering on the edge of a recession.""

According to the Labor Department, the U.S. has now regained all 22 million jobs lost during the pandemic's onset in 2020. The unemployment rate has also fallen back to its pre-pandemic level, lingering at 50-year lows.

Ian Charles, a product manager, found himself jobless a few weeks ago when his financial technology firm announced a series of layoffs, attributing them to a change in investor mood that made fundraising more challenging for startups. At 33, he was taken aback and initially alarmed, recalling the tough job search he endured a few years back. But this time, he noted, ""it’s a completely different situation.""

""People have really been reaching out on LinkedIn in large numbers—people I actually know from grad school and former colleagues to just random recruiters,"" he shared. ""I was freaking out at first... but this time, I've seen within a month how much easier it has been to gain momentum,"" he added. ""There are plenty of opportunities coming my way, which is strange because everyone is talking about us heading into a recession and a slowdown, but I’m not seeing that on the ground.""

Since March, the bank has announced rate hikes four times, reacting to consumer prices rising at their fastest rate since 1981. In June, the inflation rate jumped again to 9.1%.

""It's nice to see this many jobs added, but it's concerning what it implies for the size of the adjustment we might face,"" he tweeted. ""Recession concerns have eased. Inflation is more of a concern. The Fed will probably need to take further action.""",
27,www.cnn.com,politics,2019,6,Reliable,"Acting director of US Citizenship and Immigration Services Ken Cuccinelli blamed the father in the now-infamous photograph of a drowned man and his daughter at the southern border for both of their deaths.
“The reason we have tragedies like that on the border is because those folks, that father didn’t want to wait to go through the asylum process in the legal fashion, so decided to cross the river,” Cuccinelli said of father Oscar Alberto Martínez and his daughter, 23-month-old Angie Valeria, whose bodies were found in the Rio Grande.
Cuccinelli is an immigration hardliner who joined the Trump administration as acing CIS director earlier this month.
His assessment stands in contrast to what Martinez’s grieving family members have said.
Martinez’s mother, Rosa Ramirez, told CNN that her son died while trying to save his daughter’s life.
Tania Vanessa Ávalos, Oscar’s wife and Angie Valeria’s mother, told the Mexican newspaper La Jornada that her family had grown increasingly desperate. Temperatures reached over 110 degrees at the migrant camp in Matamoros, Mexico, where the family had been waiting to present themselves at a US port of entry and seek asylum, she said.
At the end of May, more than 2,000 migrants were waiting “in conditions of hunger and overcrowding” there to seek asylum at ports where, according to La Jornada, US agents granted an average of three appointments per week.
They had been in a migrant camp in Matamoros since Sunday, the newspaper said, citing Ávalos.
Former Housing and Urban Development Secretary and San Antonio Mayor Julian Castro suggested during Wednesday night’s Democratic debate that the Trump administration’s policy of limiting asylum at ports of entry led to the pair’s deaths.
The Trump administration’s policy, called “metering,” has led to longer wait times, though it’s difficult to ascribe motive behind a migrant’s decision to cross the border illegally. Customs and Border Protection has said it doesn’t know how many migrants have been turned away as a result of metering.
Cuccinelli on Thursday also blamed migrants themselves for allegedly patronizing drug cartels who use “the border as essentially a toll booth” to try and enter the United States, claiming it’s the “tragedy” of US immigration laws drawing migrants to make dangerous trips.",https://www.cnn.com/2019/06/27/politics/ken-cuccinelli-drowned-father-daughter-fault/index.html,4.0,reliable,"Ken Cuccinelli blames drowned man in border photograph for own, daughter’s deaths","Ken Cuccinelli, the acting director of US Citizenship and Immigration Services, pointed fingers at the father in the widely circulated photo of a drowned man and his young daughter at the southern border, attributing their deaths to his actions. Cuccinelli remarked, ""Tragedies like these happen because individuals like that father choose not to wait for the legal asylum process and instead decide to cross the river,"" referring to Oscar Alberto Martínez and his 23-month-old daughter, Angie Valeria, who were found in the Rio Grande.

Cuccinelli, known for his strict views on immigration, recently took on the role of acting CIS director under the Trump administration. His comments contrast sharply with what Martínez’s family has expressed. Rosa Ramirez, the mother of Martínez, shared with CNN that her son lost his life while attempting to rescue his daughter. Oscar’s wife, Tania Vanessa Ávalos, and Angie Valeria’s mother, revealed to the Mexican newspaper La Jornada that the family’s desperation was mounting. The migrant camp in Matamoros, Mexico, where they awaited their turn to seek asylum at a US entry point, saw temperatures soaring past 110 degrees, she noted.

As of the end of May, over 2,000 migrants were stuck there, enduring ""hunger and overcrowding,"" while waiting for asylum opportunities at US ports, where, as per La Jornada, US agents were only granting about three appointments weekly. Ávalos added that they had been at the Matamoros camp since Sunday.

During the Democratic debate on Wednesday night, Julian Castro, former Housing and Urban Development Secretary and ex-Mayor of San Antonio, argued that the Trump administration's policy of restricting asylum at entry points contributed to the tragic deaths. The policy, known as ""metering,"" has resulted in extended wait times, though pinpointing the exact reasons behind a migrant's choice to cross illegally is challenging. Customs and Border Protection has acknowledged its inability to track how many migrants have been turned away due to metering.

On Thursday, Cuccinelli also accused migrants of supporting drug cartels that exploit ""the border as essentially a toll booth"" for entering the United States, claiming that US immigration laws are a ""tragedy"" that lure migrants into taking perilous journeys.",
28,www.cnn.com,economics,2020,9,Reliable,"President Donald Trump is heading into the general election with the worst jobs numbers of any president, based on records that go back to World War II.
That’s not going to change in the two months between now and Election Day, no matter how the economy does.
The US economy is down 4.7 million jobs since January 2017 when Trump took office, according to the Labor Department.
The August jobs report released Friday showed employers added back about 1.4 million jobs, bringing the unemployment rate to 8.4%. That is still well short of what would be needed to give Trump a positive jobs record by November 3.
The only other President in the last 80 years to own an overall loss in jobs between his inauguration and the following Election Day was George W. Bush in 2004. That was because of the so-called “jobless recovery” after the recession sparked by the dot-com bust. But the loss of 605,000 jobs through September of 2004 was a fraction of the job losses that happened under the Trump administration.
To be sure, the bulk of the job losses in the Trump economy were precipitated by the shutdown orders associated with the worst pandemic in 100 years.
“I would say Covid-19 is one hell of an extenuating circumstance,” said Greg Valliere, chief US policy strategist for AGF Investments.
But there are many who question whether the Trump administration’s handling of the pandemic is responsible for deeper economic damage than would have taken place had the White House taken a more active role in fighting coronavirus. And even with millions being called back to work in recent months, there were more were 13.6 million people looking for work and unable to find one in the most recent reading.
There is only one more jobs report — for September — that will be released before Election Day, and the Labor Department will start counting the jobs that make up that report next week. Even if Congress pushes through another Covid-19 financial stimulus package soon, it won’t wipe out all of the job losses that have occurred during Trump’s term.
President Trump has frequently boasted about his pre-pandemic jobs record. And he has promised that once the pandemic is over, the job gains will return.
But data show that his administration’s job gains before the pandemic were only average compared with predecessors.
The best percentage gain was in the period between 1941 and 1944, when the end of the Great Depression and the nation’s entry into World War II resulted in a 21% gain in jobs during President Franklin D. Roosevelt’s third term.
This doesn’t necessarily mean that Trump will be joining the ranks of unemployed.
The direction of the economy can be far more important than the raw numbers, said Valliere. That could be good news for Trump since in the last four months employers have brought back 10.6 million workers who were temporarily laid off earlier in the year.
George W. Bush, the only president with a record of job losses leading up to the election, was nonetheless reelected in 2004. He was helped by the economy adding 1.5 million jobs between January and September of that year.
By contrast, even a good overall jobs record can be hurt by job losses leading up to the election. Jimmy Carter had one of the best job creation records between his inaugural and September of 1980 — 9.5 million jobs added, a gain of nearly 12%. But throughout 1980, job losses mounted as employers cut nearly 800,000 jobs between March and September. That, along with high inflation and the Iran hostage crisis, led to his defeat.
The job rebound appears to be slowing, as many of the jobs that were easy to bring back are already back, said Mark Zandi, chief economist with Moody’s Analytics. The 1.4 million jobs added in August was down from the 1.7 million added in July, as the CNN Business Recovery Dashboard shows.
Many of the millions of people who are out of work may be losing faith that they will be getting their jobs back. The 10.6 million people who returned to the jobs were mostly working in restaurants, hotels and retailers, noted Zandi.
Airlines are about to start cutting jobs. Local and state governments are running out of money. The damage is still accumulating, Zandi argued.
So what does that mean for Trump’s re-election chances?
“I think people are still making up their minds,” said Zandi. He said that’s why the August and September jobs reports matter.
“Do they view it as glass half full glass half empty?” he asked.",https://www.cnn.com/2020/09/04/economy/august-jobs-report-trump-jobs-record/index.html,3.0,Reliable,Trump’s job losses are the worst of any American president on record,"President Donald Trump is entering the general election with the bleakest jobs record of any president since World War II, and there’s no changing that in the two months before Election Day, regardless of how the economy behaves. Since Trump assumed office in January 2017, the U.S. economy has shed 4.7 million jobs, according to the Labor Department.

The jobs report for August, released on Friday, indicated that employers brought back around 1.4 million jobs, nudging the unemployment rate to 8.4%. However, this is insufficient to shift Trump's jobs record to a positive by November 3.

In the past 80 years, the only other president who faced an overall job loss between his inauguration and the next Election Day was George W. Bush in 2004. His tenure was marked by a ""jobless recovery"" following the recession triggered by the dot-com bubble burst. Yet, the 605,000 jobs lost by September 2004 pale in comparison to the losses under Trump.

It’s important to note that the majority of job losses during Trump's presidency were due to shutdowns related to the most severe pandemic in a century. ""Covid-19 is certainly an exceptional circumstance,"" remarked Greg Valliere, the chief U.S. policy strategist for AGF Investments.

Still, many criticize the Trump administration’s pandemic response, suggesting it might have exacerbated the economic downturn. Despite millions returning to work recently, there were still 13.6 million individuals searching for jobs without success at the latest count.

Before Election Day, only one more jobs report—covering September—will be published, with the Labor Department beginning its data collection for this report next week. Even if Congress swiftly enacts another Covid-19 stimulus package, it won’t completely erase the job losses incurred during Trump's term.

Trump often highlights his pre-pandemic job achievements and assures that job growth will resume post-pandemic. Yet, data show his pre-pandemic job growth was merely average compared to past administrations.

The most significant job gains by percentage occurred between 1941 and 1944, spurred by the end of the Great Depression and World War II, resulting in a 21% job increase during Franklin D. Roosevelt's third term.

This doesn’t necessarily spell unemployment for Trump. Valliere points out that economic trends can sometimes be more impactful than the figures themselves. This might be positive for Trump, as 10.6 million workers have returned to their jobs in the past four months after temporary layoffs.

George W. Bush, the sole president with job losses before an election, managed re-election in 2004, aided by the economy adding 1.5 million jobs from January to September that year.

Conversely, strong overall job records can suffer if losses occur leading to the election. Jimmy Carter, with one of the strongest job creation records from his inauguration to September 1980 (adding 9.5 million jobs, a nearly 12% increase), faced defeat as job losses reached nearly 800,000 between March and September 1980, alongside high inflation and the Iran hostage crisis.

The job recovery seems to be tapering off, with many easily recoverable jobs already reinstated, notes Mark Zandi, chief economist at Moody’s Analytics. August saw 1.4 million jobs added, a decline from July's 1.7 million, as shown in the CNN Business Recovery Dashboard.

Many unemployed individuals are losing hope of reclaiming their positions. The 10.6 million people who have returned to work primarily come from sectors like restaurants, hotels, and retail, Zandi observed.

Airlines are on the brink of job cuts, and local and state governments are depleting their funds. The economic damage continues to accumulate, Zandi argued.

So, what does this mean for Trump’s chances of re-election? ""I think people are still making up their minds,"" Zandi said, emphasizing the significance of the August and September jobs reports. ""Will they see the situation as a glass half full or half empty?"" he pondered.",
29,www.rt.com,climate,2021,10,Unreliable,"Access to energy has become one of China’s major foreign policy considerations and recent events show why – it simply doesn’t have sufficient resources of its own to power what has become the world’s largest industrial hub.
The headlines have been stark in recent days: regions of China have been suffering from power shortages, with local governments being forced to ration electricity due to a lack of coal and increased demand pushing prices up.
The crisis is also a product of a power system fuelled by government subsidies that operate on a not-for-profit basis, alleviating the pressure on bill payers. This means that when commodity prices surge, they start making massive losses and so have to cut supply.
The problem shines a light on one of China’s biggest headaches – ensuring there is enough affordable power for a mega-industrial nation of more than 1.4 billion people, with demand soaring year after year as the country has grown.
And so the need for energy has become one of the biggest strategic motivations behind China’s contemporary foreign policy, stretching across the Belt and Road Initiative, the South China Sea disputes, and even the alarming, if improbable, scenario of a potential conflict with the United States, which has initiated a policy of maritime encirclement around China’s periphery, most aptly demonstrated by the new AUKUS deal with Australia and the United Kingdom.
Access to and supply of energy is one of the most important considerations in international strategy. Energy essentially functions as the nervous system for all elements of a country – without it there is no industry, no transport, no military and minimal ability for a society to function.
Without access to a means of generating electricity or attaining oil, a country is to all intents and purposes living in the Middle Ages. In the modern world, access to a stable, invulnerable supply of energy resources can be the difference between winning and losing a war.
In World War II, for example, one of the reasons Britain was able to hold out was because it was self-sufficient in coal reserves, and with the US on the western flank of the Atlantic, it was not cut off from oil imports either. In contrast, Nazi Germany, the continental-based enemy, was in a geographically vulnerable position and had all but lost the war once the Soviet Union overran the European oilfields of Hungary and Romania, crippling its war machine. ‘Energy security’ is an important criterion of a country’s strategic strength and power projection.
China is not blessed with many advantages in this domain. It has the world’s largest population and even though it has its own oil reserves, these do not satisfy domestic demand. And a pressing concern has been that the bulk of its energy imports – whether coal or oil – are imported via its maritime periphery, which is increasingly vulnerable as it is surrounded by hostile states.
As referenced in declassified documents from the Trump administration on America’s Indo-Pacific Strategy, the US’ objective in a conflict scenario would be to prevent China dominating the first and second island chains, which would amount to an attempt at maritime containment.
The current coal crisis illustrates squarely why this is a huge strategic vulnerability for China, because you can imagine what would happen if that supply of coal – or even oil – was completely cut off. Beijing has long been planning a contingency for this potential scenario, and this is why it has focused on alternative transcontinental routes through the Belt and Road Initiative, including in Pakistan, Myanmar, Laos, Thailand, Russia and Kazakhstan. It also explains why China is strengthening its military grip over the South China Sea, which contains abundant oil reserves, as well as doubling down on nuclear power and renewable energy patents. In a nutshell, China hopes to diversify its energy routes, and also become more energy independent. Beijing sees this as critical.
But the coal crisis reveals the extent of the work that is yet to be done. Despite China’s pledges to reduce carbon emissions, its heavy industries and power stations continue to be dependent on coal. More than that, enormous amounts of it are being imported from the US, too. China has banned coal from Australia as part of its ongoing dispute with Canberra, which some might argue has hardly helped in the current crisis.
Now Beijing has commanded all coal mines within the country to maximize their output in order to drive down the price with increased supply, and is also accelerating imports. It seems obvious from these policies that climate considerations will be sacrificed in the short term because of fears of a negative impact on economic growth in the long term.
On the other hand, China could simply raise electricity bills to offset the rise in commodity prices as opposed to cutting production – yet that itself is a strain on the economy. The country’s power bills continue to be significantly cheaper than the likes of Britain, where all the infrastructure is privately owned and run for profit.
Also on rt.com In picking up the phone to Xi Jinping, has Biden just blinked first in the great showdown between America and China?
In conclusion, it is clear that energy continues to be one of China’s potential weaknesses – a product of the country’s demographic and geographic realities. The coal crisis has arrived at a timely moment, with the US and its allies stepping up the potential military threat to the country, intensifying the urgency for China to find its way out of relying on the world’s signature fossil fuel and address the challenge of satisfying the growing power needs of the world’s biggest industrial hub.
It won’t be easy for sure, but how it handles these issues will help define how it offsets the challenge posed by the US – and that’s why energy has become one of the country’s biggest foreign policy considerations.",https://www.rt.com/op-ed/536357-coal-crisis-china-energy/,3.0,Unreliable,Coal crisis reveals how energy supply has become a major problem for China,"China's quest for energy has turned into a key focus of its foreign relations, and recent developments highlight the reason behind this shift—China simply lacks the resources to fuel its status as the world's largest industrial powerhouse. Recently, the news has been filled with reports of power shortages in various Chinese regions, with local authorities having to ration electricity due to insufficient coal supplies and rising demand driving prices upward.

The crisis stems from a power system reliant on government subsidies, operating without profit and easing the burden on consumers. This setup means that when commodity prices jump, energy providers face significant losses and must reduce supply. The situation underscores one of China's major challenges: securing enough affordable energy for a massive industrial nation of over 1.4 billion people, with demand escalating every year alongside the country's growth.

Consequently, energy access has become a central strategic driver in China's modern foreign policy, influencing initiatives like the Belt and Road, disputes in the South China Sea, and even the unsettling yet unlikely prospect of a clash with the United States. The US has pursued a policy of maritime encirclement around China, as illustrated by the new AUKUS pact with Australia and the UK.

In international strategy, energy supply is a key factor. Energy essentially acts as a country's lifeblood—without it, industries stall, transportation halts, military capabilities dwindle, and societal functions become severely limited. Lacking electricity generation or oil procurement capabilities, a nation is essentially stuck in medieval times. In today's world, possessing a stable, secure energy supply can determine victory or defeat in conflicts.

Take World War II, for instance; Britain was able to endure partly because it had an ample coal supply and wasn't cut off from oil imports due to the US presence across the Atlantic. Conversely, Nazi Germany found itself geographically vulnerable. Once the Soviet Union conquered Hungary and Romania's oilfields, Germany's war effort was crippled. 'Energy security' remains a critical aspect of a nation's strategic fortitude and ability to project power.

China doesn't enjoy many advantages in this realm. Despite having the largest population, its domestic oil reserves fall short of meeting its needs. A significant concern is that most of its energy imports, whether coal or oil, arrive via maritime routes that are increasingly at risk due to neighboring hostile nations.

Declassified documents from the Trump administration regarding America's Indo-Pacific Strategy reveal that the US aims to thwart China's dominance over the first and second island chains, essentially attempting maritime containment. The current coal shortage highlights why this poses a strategic threat to China—imagine if coal or oil supplies were entirely severed. Beijing has long been strategizing for such a scenario, hence its focus on alternative transcontinental pathways through the Belt and Road Initiative, involving countries like Pakistan, Myanmar, Laos, Thailand, Russia, and Kazakhstan. This also explains China's military expansion in the South China Sea, rich in oil reserves, as well as its investment in nuclear and renewable energy technologies. In essence, China aims to diversify its energy sources and boost its self-sufficiency, which it views as crucial.

However, the coal crisis exposes the vast amount of work ahead. Despite commitments to cut carbon emissions, China's heavy industries and power plants remain reliant on coal. Moreover, substantial quantities are being imported from the US. China has barred Australian coal amid ongoing tensions with Canberra, a move some say has exacerbated the crisis.

Now, Beijing has instructed domestic coal mines to ramp up production to lower prices by increasing supply and is fast-tracking imports. It's clear from these actions that environmental concerns will take a backseat in the short term to prevent long-term economic repercussions. Alternatively, China could raise electricity rates to counteract commodity price hikes instead of slashing production—but this would strain the economy. China's energy bills are still much lower than those in places like Britain, where infrastructure is privately owned and profit-driven.

In summary, energy remains a potential Achilles' heel for China, stemming from its demographic and geographic realities. The coal crisis has emerged at a critical juncture, with the US and allies heightening the potential military threat, amplifying the urgency for China to break free from dependency on the world's most prominent fossil fuel and tackle the issue of meeting the escalating power demands of the largest industrial hub globally.

Navigating these challenges won't be simple, but how China manages them will shape its response to the US's challenge—hence why energy has become a major foreign policy priority.",
30,www.bbc.com,economics,2020,3,Reliable,"Italy was the first European country to report a major surge in cases of the coronavirus, with numbers quickly climbing into the hundreds.
The authorities have responded with travel restrictions in the north of the country that are bound to hit the economy.
So far, a number of towns in Lombardy in northern Italy have been locked down, with very limited numbers of people being allowed in or out.
That matters, because northern Italy is the country's industrial powerhouse. Lombardy alone accounts for 40% of Italian industrial output. Milan is Italy's key centre for finance and a range of other services.
Milan is not one of the areas covered by the shutdown. But even so, major tourist and cultural sites such as the cathedral (the Duomo) and the opera house La Scala have been closed.
Milan is also one of the world's major fashion centres. Fashion Week in late February did survive - after a fashion, as it were - but it was affected. For instance, Giorgio Armani's collection was shown without an audience.
Had the coronavirus arrived a few weeks earlier, it seems likely there would have been much more disruption to this major event in Milan's calendar.
There is some debate about whether the response in Lombardy has been too aggressive. But it is certainly true that public perceptions, well founded or not, translate into decisions about whether to travel or go out that have a real impact on businesses.
Italy has struggled with persistently slow growth for many years. So could this health crisis be the factor that tips the country into another recession?
In 2019, total production of goods and services was approximately the same as it was 15 years earlier. What's more, it was still 4% below the level it reached in 2007, just before the financial crisis.
Unemployment is also a persistent problem, especially among young people. The unemployment rate among under-25s is 28.9%, with only Spain and Greece having higher figures in the EU.
In the last two years, Italy has also had to contend with weaker global growth and a slowdown in international trade. In the final quarter of last year, GDP fell by 0.3%.
""GDP will almost certainly shrink this quarter as well, so Italy will technically be in a recession [often defined as two consecutive quarters of declining GDP]. It will probably shrink for the whole year,"" he says.
It is true that even without the virus, another contraction in the current quarter would have been a distinct possibility. But the odds have strengthened now that economic activity will be hit by the health crisis.
How severe it will be for Italy obviously depends on the unknowable (at this stage) course of the disease.
How it affects tourism will be an important factor. This is not the main season, apart from skiing in the mountains. The areas affected so far are not the main tourist areas. But as the summer approaches and if the virus spreads to other areas of Italy, that could change.
Already some flights to northern Italy have been cancelled. EasyJet, for example, said it was a response to ""softening demand"" - in other words, people choosing not to go there.
Prof Perotti thinks that tourist numbers will go to almost zero in the near future. And even if the virus problem goes away by the summer, the industry won't quickly get back to normal. ""Tourism,"" he says, ""has a long memory.""
He thinks the overall impact on Italy will depend to a large extent on how the big economies react, notably the US and Germany.
The message from Prime Minister Giuseppe Conte is: ""It's time to stop the panic."" He has called on the national broadcaster to tone down its coverage.
One consequence of Italy's protracted sluggishness has been stretched government finances. Its government debt is equivalent to 133% of GDP.
In the EU, only Greece exceeds that figure. EU rules for the government finances set a target of 60% or less. Several other countries are above that threshold, but Greece and Italy stand out. So Italy could really do without additional stress on its government finances.
Prof Perotti thinks the virus could aggravate that problem: ""The direct cost of the health intervention, I don't think is huge. Now if there is a big recession, the lost revenue from that will be a big issue.""
Weaker economic activity will mean less tax revenue. Prof Perotti thinks the government will use it as an excuse to get more leeway in the continuing discussions that Italy is having with the European Commission about getting its finances into line with the rules.
But Italy probably can't expect very much help from monetary policy, which is in the hands of the European Central Bank. Interest rates are already very low: one of the ECB's main rates is below zero. In any event, Prof Perotti thinks it will only act if ""things get very ugly for the whole of the eurozone"".",https://www.bbc.com/news/business-51650974,3.0,Reliable,Coronavirus: Italian economy takes a body blow,"Italy was the first country in Europe to report a significant rise in coronavirus cases, with numbers quickly escalating into the hundreds. In response, authorities implemented travel restrictions in the northern part of the country, which are expected to impact the economy. Several towns in Lombardy have been locked down, allowing only a handful of people to move in or out. This is significant because northern Italy is the industrial heart of the nation, with Lombardy alone contributing to 40% of Italy's industrial production. Milan stands as the country's financial hub and offers a variety of services.

Although Milan isn't included in the lockdown, prominent tourist and cultural landmarks like the Duomo and La Scala opera house have shut their doors. Milan is also a leading global fashion center. Fashion Week in late February managed to proceed, albeit differently, as Giorgio Armani showcased his collection without an audience. Had the virus hit a few weeks earlier, it's likely there would have been more chaos disrupting this key event on Milan's calendar.

There's some debate about whether Lombardy's actions have been too harsh. Nonetheless, the public's perception, whether accurate or not, influences decisions about travel and outings, which in turn affects businesses. Italy has faced sluggish growth for years. Could this health crisis push the country toward another recession?

In 2019, Italy's total output of goods and services was roughly on par with what it was 15 years ago. Plus, it was still 4% lower than its 2007 peak before the financial crash. Unemployment, particularly among the youth, remains a chronic issue. The unemployment rate for those under 25 is 28.9%, surpassed only by Spain and Greece in the EU.

In recent years, Italy has also grappled with weaker global growth and a slowdown in international trade. In the last quarter of the previous year, GDP dropped by 0.3%. ""GDP will almost certainly decline this quarter as well, putting Italy technically into a recession, often defined as two consecutive quarters of shrinking GDP. It will probably decline throughout the year,"" he says.

Even without the virus, another economic contraction this quarter was a possibility. But the health crisis has increased the likelihood that economic activity will be impacted. The extent of the impact on Italy depends on the unpredictable progression of the disease.

Tourism's effect will be a crucial factor. This isn't peak season, except for mountain skiing. The affected regions aren't the primary tourist spots. However, if the virus spreads to other parts of Italy as summer approaches, the situation could change. Some flights to northern Italy have already been cancelled. EasyJet, for instance, cited ""softening demand,"" meaning people are opting not to visit.

Prof. Perotti anticipates that tourist numbers will plummet to near zero shortly. Even if the virus issue subsides by summer, the tourism industry won't rebound quickly. ""Tourism,"" he notes, ""has a long memory."" He believes Italy's overall impact will largely depend on how major economies like the US and Germany respond.

Prime Minister Giuseppe Conte's message is clear: ""It's time to stop the panic."" He has urged the national broadcaster to reduce the intensity of its coverage. Italy's prolonged economic stagnation has strained government finances, with debt equivalent to 133% of GDP. Only Greece surpasses this in the EU. EU rules aim for 60% or less government debt. Though several countries exceed this threshold, Greece and Italy are distinct. Italy could do without more pressure on its finances.

Prof. Perotti suggests the virus might worsen this issue: ""The direct cost of health intervention isn't huge. But a severe recession's lost revenue will be a big problem."" Reduced economic activity means less tax revenue. Prof. Perotti predicts the government will use this as leverage in its ongoing discussions with the European Commission to align its finances with EU rules.

However, Italy is unlikely to receive substantial support from monetary policy, which is controlled by the European Central Bank. Interest rates are already very low, with one of the ECB's key rates below zero. Prof. Perotti believes the ECB will only intervene if ""things get very ugly for the entire eurozone.""",
31,www.theblaze.com,economics,2022,8,Unreliable,"An analysis by real estate company Zillow found that housing prices in the United States had dropped for the first time in a decade after skyrocketing in recent years and driving many out of the market for home ownership.
The report from the online company found that their Zillow Home Value index had fallen by 0.1% from June to July.
""The market is quickly rebalancing. With buyers' purchasing power diminished by nearly two years of double-digit price growth and higher mortgage rates, competition for homes is dropping off,"" the report said.
The fall in pricing came after a report from the National Association of Realtors said that housing sales had cratered 20% from the previous year in July, and 6% from the previous month.
Despite the small decline in pricing, the value of the typical home in the U.S. was 16% above its pricing from last year, or $357,107.
Experts say the sudden rise in real estate loan rates has priced many buyers out of the market and led to less demand for housing.
""This slowdown is about discouraged buyers pulling back after the affordability shock from higher rates. As prices soften, many will renew their interest, and we will continue our progress back to 'normal,'"" said Zillow chief economist Skylar Olsen.
Zillow has also projected that U.S. home prices will increase from 2022 to 2023, but only by 2.4%, far less than they had previously predicted.
A separate analysis by Redfin found that some markets that had experienced a boom during the pandemic had seen a spike in home sellers dropping their prices. Among the worst was Boise, Idaho, and Tampa, Florida.
The Federal Reserve has raised the national baseline rate in an attempt to jolt the economy from spiking inflation from government overspending during the coronavirus pandemic. Fed Chairman Jerome Powell has indicated that they may continue to raise rates in order to prevent the economy from continuing to overheat.
""It is essential that we bring inflation down if we are to have a sustained period of strong labor market conditions that benefit all,"" said Powell in July.
Critics fear the move may shove the nation into a recession, especially since the gross domestic product has decreased in two consecutive quarters, the generally accepted definition of a recession.",https://www.theblaze.com/news/zillow-housing-prices-fall-decade,3.0,Reliable,Zillow says housing prices have dropped for the first time in a decade,"Zillow recently conducted an analysis revealing a dip in U.S. housing prices for the first time in ten years, following a period of soaring costs that pushed many potential homeowners out of the market. According to the online real estate company's report, their Zillow Home Value index experienced a slight decline of 0.1% from June to July.

""The market is rapidly finding its balance again. With buyers' purchasing power hit hard by nearly two years of double-digit price hikes and rising mortgage rates, the frenzy over homes is calming down,"" the report explained.

This drop in prices followed a report from the National Association of Realtors, which highlighted a 20% plummet in home sales in July compared to the previous year, and a 6% decrease from the prior month. Despite this slight reduction in prices, the average home value in the U.S. remains 16% higher than last year, standing at $357,107.

Experts attribute the dwindling demand for housing to the abrupt increase in real estate loan rates, which have priced many buyers out of the market. Zillow's chief economist, Skylar Olsen, commented, ""This slowdown is really about buyers pulling back after being hit with higher rates. As prices ease, many will regain interest, and we'll continue moving towards a 'normal' market.""

Zillow also forecasts that home prices in the U.S. will rise from 2022 to 2023, but only by 2.4%, which is significantly lower than their earlier predictions. A separate analysis from Redfin noted that some previously booming markets during the pandemic are now seeing a surge in home sellers reducing prices, with Boise, Idaho, and Tampa, Florida, among the hardest hit.

In an effort to curb inflation triggered by government overspending during the coronavirus pandemic, the Federal Reserve has increased the national baseline rate. Fed Chairman Jerome Powell has suggested that further rate hikes might be necessary to prevent the economy from overheating. ""We must bring inflation down to ensure a prolonged period of robust labor market conditions that benefit everyone,"" Powell stated in July.

However, critics worry that these measures could push the country into a recession, especially since the gross domestic product has contracted for two consecutive quarters, which is commonly recognized as a recession.",
32,www.bbc.com,health,2021,2,Reliable,"The EU says UK-Swedish drug firm AstraZeneca will now supply an additional nine million Covid vaccine doses by March, after days of criticism of the bloc's vaccination programme.
Commission President Ursula von der Leyen said it was a ""step forward"".
But the 40m doses now expected are still only about half of what had been hoped, amid continuing supply problems.
The Commission has been involved in a much-criticised row with both the UK and AstraZeneca this week.
In particular it was condemned over its threat to put checks on the Northern Ireland border to prevent vaccines produced in the EU from reaching the UK.
The border was one of the most difficult problems to overcome in the recently agreed Brexit deal, following the UK's departure from the EU.
The EU was angry that Britain was getting its UK-made contracted supplies from AstraZeneca while it suffered a shortfall. So the bloc announced it was introducing export controls on coronavirus vaccines made inside the EU to try to protect its supplies. The Brexit deal ensures there are no obstacles to trade between the Republic of Ireland and Northern Ireland .
What is the EU chief promising?
In a tweet, Ms von der Leyen said AstraZeneca would ""deliver 9 million additional doses in the first quarter (40 million in total) compared to last week's offer & will start deliveries one week earlier than scheduled"".
She said this represented a 30% increase on the previous amount.
Irish broadcaster RTE is reporting that the country will get another 100,000 doses as a result.
The EU signed a deal in August for 300 million AstraZeneca doses, with an option for 100 million more.
It was hoped 80 million would be delivered in the first quarter of 2021 - although other sources had put the figure at 100 million - but AstraZeneca said there were production problems at its Dutch and Belgian plants. Media reported this would mean a 60% cut in supplies to the end of March.
There followed a terse exchange between the two parties on contractual obligations, the EU arguing it was binding and the drug firm saying it had only to provide its ""best reasonable efforts"". The contract between the two was partly published as both tried to win the argument.
The Commission pointed out it could be supplied from UK-based plants, but the UK staunchly defended its supply contracts with AstraZeneca.
The UK was the first country to approve the vaccine, on 30 December - the EU only did so on Friday.
The EU, also on Friday, announced its so-called transparency mechanism, which gives countries in the bloc powers to deny authorisation for vaccine exports if the company making them has not honoured existing contracts with the EU.
The EU's attempt to apply measures to the Irish border was widely condemned, and the heads of the UK- and Europe-wide industry bodies warned against export bans.
The EU stepped back and, in a call with Prime Minister Boris Johnson, Ursula Von Der Leyen said that ""there will be no disruption of contracts that we have with any producer in the EU"".
So what has been achieved?
In addition to her announcement on the doses, Ms Von Der Leyen said she had had a video-conference with vaccine manufacturers.
In an earlier tweet she spoke of ""our new initiative to strengthen bio-defence preparedness"", adding: ""We're discussing how to address Covid-19 variants & scale up manufacturing, be better prepared for future pandemics.""
There was no reference to the talk earlier in the week of legal action and ""hijacking"" of supplies. The BBC's Kevin Connolly says this was a curiously flat and bland conclusion to a week of stormy rhetoric.
The additional doses announcement will be greeted with relief in Brussels, our correspondent says, but it still leaves the European Commission facing awkward questions about how its signing of supply contracts and approval processes have lagged behind those of other wealthy nations.
Even Ms Von Der Leyen's reference to AstraZeneca expanding its production in Europe and the earlier supply date were partly signalled by the firm last week.
But she said on Sunday that the EU was maintaining its ""target of vaccinating 70% of adults by the end of summer"".
""Our opponent is the virus and the pharmaceutical industry is part of the solution,"" Ms Von Der Leyen told German public broadcaster ZDF.
Remember just how long and difficult the Brexit negotiations were in reaching an agreement on Northern Ireland? Think about how often the EU lectured the UK government about the importance of respecting the detail of the arrangement; how peace in Northern Ireland was at stake.
Yet the impression the European Commission gave on Friday - however incorrect or unintended, which is what it insists - is that those concerns could be thrown aside in a heartbeat.",https://www.bbc.com/news/world-europe-55879345,3.0,Reliable,Covid: EU and AstraZeneca in 'step forward' on vaccines,"The EU announced that AstraZeneca, the UK-Swedish pharmaceutical company, will provide an extra nine million doses of the Covid vaccine by March. This comes after the EU faced several days of criticism regarding its vaccination efforts. Ursula von der Leyen, the President of the European Commission, called this a ""step forward."" 

Despite this progress, the anticipated 40 million doses fall short of the EU's initial expectations due to ongoing supply challenges. The Commission has been embroiled in a heated dispute with both the UK and AstraZeneca this week. The controversy intensified when the EU threatened to impose checks at the Northern Ireland border to stop vaccines produced in the EU from reaching the UK, a move that drew significant backlash. 

This border issue was a challenging aspect of the Brexit negotiations, essential for ensuring smooth trade between the Republic of Ireland and Northern Ireland post-Brexit. The EU's frustration stemmed from the UK receiving its agreed-upon AstraZeneca doses while the EU faced shortages. Consequently, the EU announced export controls on vaccines made within its borders to safeguard its supply.

What commitments has the EU chief made? 

In a tweet, von der Leyen stated that AstraZeneca will ""deliver 9 million additional doses in the first quarter (40 million in total) compared to last week's offer and will start deliveries one week earlier than planned."" This represents a 30% increase from the previously promised amount. As a result, Irish broadcaster RTE reported that Ireland would receive an additional 100,000 doses. 

The EU had signed an agreement back in August for 300 million doses from AstraZeneca, with an option for another 100 million. Initially, it was hoped that 80 million doses would arrive in the first quarter of 2021, though some sources indicated a target of 100 million. However, AstraZeneca cited production issues at its Dutch and Belgian facilities, leading to a potential 60% reduction in supply by the end of March.

The situation led to a tense exchange over contractual obligations, with the EU arguing for binding terms and AstraZeneca claiming it was required only to make ""best reasonable efforts."" Portions of the contract were published as both parties sought to justify their positions. The Commission suggested sourcing vaccines from UK-based plants, but the UK firmly supported its contracts with AstraZeneca.

The UK was the first to approve the vaccine on December 30, while the EU did so later, on a Friday. On the same day, the EU revealed its ""transparency mechanism,"" which allows EU countries to block vaccine exports if the manufacturer hasn't fulfilled existing EU contracts.

The EU's initial plan to enforce measures at the Irish border faced widespread criticism, and industry leaders from both the UK and Europe spoke out against export bans. Following this backlash, von der Leyen assured UK Prime Minister Boris Johnson that ""there will be no disruption of contracts that we have with any producer in the EU.""

What progress has been made?

Alongside the vaccine dose announcement, von der Leyen mentioned she had a video conference with vaccine producers. In a previous tweet, she referred to a ""new initiative to strengthen bio-defense preparedness,"" discussing ways to address Covid-19 variants, enhance manufacturing capabilities, and prepare for potential future pandemics.

Throughout the week, talks of legal action and supply ""hijacking"" were prevalent, but the week's end saw a more subdued conclusion. The additional doses are a relief for Brussels, though questions remain about the EU's lagging contract signings and approval processes compared to other wealthy nations.

Even von der Leyen's comments about AstraZeneca expanding European production and the earlier delivery timeline were partly indicated by the company last week. Still, on Sunday, she reaffirmed the EU's goal of vaccinating 70% of adults by the end of summer, emphasizing that the ""opponent is the virus and the pharmaceutical industry is part of the solution,"" during an interview with Germany's ZDF.

Reflecting on the arduous Brexit negotiations, especially concerning Northern Ireland, it seemed that the European Commission's actions on Friday—whether mistaken or unintended—suggested those hard-won agreements could be easily disregarded.",
