domain,topic,year,month,rating,clean_text,unique_keyword_count,Topic Manual Label,Rating Manual Label,Colonna 1,Unnamed: 10,Unnamed: 11,Comments,text_rewritten
www.cnn.com,economics,2022,4,Reliable,"Warnings of a potential recession aren’t surprising given how many tripwires there are in today’s economy.
A push by the Federal Reserve to raise interest rates and combat high inflation. Supply chain shortages. An ongoing global health crisis. And of course, the geopolitical earthquake caused by Russia’s invasion of Ukraine, which is also threatening to create a world food crisis.
Even if the US doesn’t fall into a recession – and there are signs it may not – there are plenty of economic headwinds that could have potentially negative effects on your finances. Here are ways to assess your situation and guard against losses.
With ultra-low unemployment and plenty of openings, it’s a job seeker’s market right now. But if there’s a recession, that could change quickly. So make hay while you can.
“If you are not working, or are looking for a better position, now would be a good time to take advantage of the very strong job market and lock in a position,” said Florida-based certified financial planner Mari Adam.
To help in your search, here are some resume dos and don’ts to keep in mind.
If you’ve been on the fence about selling your home, now might be the time to make the leap.
The housing market has been on a tear, with year-over-year prices up 19.8% in February, according to the latest S&P CoreLogic Case-Shiller home price report.
But mortgage rates are also on the rise, which may dampen demand. “I would suggest that anyone planning to put their house on the market do so right away,” said Adam.
Having liquid assets to cover you in emergencies or severe market downturns is always a good idea. But it’s especially crucial when facing big events beyond your control – including layoffs, which typically increase during recessions.
That means having enough money set aside in cash, money market funds or short-term fixed income instruments to cover several months of living expenses, emergencies or any big, anticipated expense (e.g., a down payment or college tuition).
This is also advisable if you are near or in retirement. In that case, you may want to set aside a year or more of living expenses that you would ordinarily pay for with withdrawals from your portfolio, said Rob Williams, managing director of financial planning, retirement income and wealth management at Charles Schwab. This should be the amount you would need to supplement your fixed income payments, such as Social Security or a private pension.
In addition, Williams suggests having two to four years in lower volatility investments like a short-term bond fund.
That will help you ride out any market downturns should one occur and give your investments time to recover.
Rapid-fire news reports about higher energy and food prices or talk of a potential world war or nuclear attack are unnerving.
But making financial decisions based on an emotional response to current events is often a losing proposition.
“Making a radical change in the midst of all this uncertainty is usually a decision that [you’ll] regret,” said Don Bennyhoff, chief investment officer for Liberty Wealth Advisors and a former investment strategist at Vanguard.
Look back at periods of crisis over the last century and you’ll see that stocks typically came back faster than anyone might have expected in the moment, and did well on average over time.
For example, since the financial crisis hit in 2008, the S&P 500 has returned 11% a year on average through 2021, according to data analyzed by First Trust Advisors. The worst year in that period was 2008, when stocks fell 38%. But in most of the years that followed, the index posted a gain. And four of its annual gains ranged between 23% and 30%.
If you go back as far as 1926, that annual average return on the S&P has been 10.5%.
“Staying the course may be hard on your nerves, but it can be healthiest for your portfolio,” Williams said.
It’s easy to say you have a high tolerance for risk when stocks are soaring. But you have to be able to stomach the volatility that inevitably comes with investing over time.
So review your holdings to make sure they still align with your risk tolerance for a potentially rockier road ahead. And while you’re at it, figure out what it means to you to “lose” money.
“There are many definitions of risk and loss,” Bennyhoff said.
For instance, if you’re keeping money in a savings account or CD, any interest you’re earning is likely being outpaced by inflation. So while you preserve your principal, you lose buying power over time.
That said, for longer-term goals, figure out how much you feel comfortable putting at some risk to get a greater return and prevent inflation from eating away at your savings and gains.
“Over time you’re better off and safer as a person if you can grow your wealth,” Adam said.
Given record stock returns in the past few years, now is a good time to rebalance your portfolio if you haven’t done so in a while.
For instance, Adam said, you may be overweight in growth stocks. To help stabilize your returns going forward, she suggested maybe reallocating some money into slower-growing, dividend-paying value stocks through a mutual fund.
And check to see that you have at least some exposure to bonds. While inflation has resulted in the worst quarterly return in high-quality bonds in 40 years, don’t count them out.
“Should a recession result from the Fed’s aggressive interest rate hikes to quell inflation, bonds are likely to do well. Recessions tend to be far kinder to high quality bonds than they are to stocks,” Bennyhoff said.
If you have a large lump sum – maybe you just sold your business or house, or you got an inheritance or big bonus – you may wonder what to do with it now.
Given all the global uncertainty, Adam recommends investing it in smaller chunks periodically – e.g., every month for a given period of time – rather than all at once.
“Space out your investing over time since this week’s news will be different than next week’s news,” she said.
Whatever the news today, building financial security over time requires a cool, steady hand.
“Don’t let your feelings about the economy or the markets sabotage your long-term growth. Stay invested, stay disciplined. History shows that what people – or even experts – think about the market is usually wrong. The best way to meet your long-term goals is just stay invested and stick to your allocation,” Adam said.
Doing so will help minimize any damage a rough market in 2022 may cause.
“If you’ve built an appropriately diversified portfolio that matches your time horizon and risk tolerance, it’s likely the recent market drop will be a mere blip in your long-term investing plan,” Williams said.
Remember, too: It’s impossible to make perfect choices since no one has perfect information.",4,,,,,,Edoardo Loru,"Warnings of a potential recession aren’t surprising given how many tripwires there are in today’s economy.
A push by the Federal Reserve to raise interest rates and combat high inflation. Supply chain shortages. An ongoing global health crisis. And of course, the geopolitical earthquake caused by Russia’s invasion of Ukraine, which is also threatening to create a world food crisis.
Even if the US doesn’t fall into a recession – and there are signs it may not – there are plenty of economic headwinds that could have potentially negative effects on your finances. Here are ways to assess your situation and guard against losses.
With ultra-low unemployment and plenty of openings, it’s a job seeker’s market right now. But if there’s a recession, that could change quickly. So make hay while you can.
“If you are not working, or are looking for a better position, now would be a good time to take advantage of the very strong job market and lock in a position,” said Florida-based certified financial planner Mari Adam.
To help in your search, here are some resume dos and don’ts to keep in mind.
If you’ve been on the fence about selling your home, now might be the time to make the leap.
The housing market has been on a tear, with year-over-year prices up 19.8% in February, according to the latest S&P CoreLogic Case-Shiller home price report.
But mortgage rates are also on the rise, which may dampen demand. “I would suggest that anyone planning to put their house on the market do so right away,” said Adam.
Having liquid assets to cover you in emergencies or severe market downturns is always a good idea. But it’s especially crucial when facing big events beyond your control – including layoffs, which typically increase during recessions.
That means having enough money set aside in cash, money market funds or short-term fixed income instruments to cover several months of living expenses, emergencies or any big, anticipated expense (e.g., a down payment or college tuition).
This is also advisable if you are near or in retirement. In that case, you may want to set aside a year or more of living expenses that you would ordinarily pay for with withdrawals from your portfolio, said Rob Williams, managing director of financial planning, retirement income and wealth management at Charles Schwab. This should be the amount you would need to supplement your fixed income payments, such as Social Security or a private pension.
In addition, Williams suggests having two to four years in lower volatility investments like a short-term bond fund.
That will help you ride out any market downturns should one occur and give your investments time to recover.
Rapid-fire news reports about higher energy and food prices or talk of a potential world war or nuclear attack are unnerving.
But making financial decisions based on an emotional response to current events is often a losing proposition.
“Making a radical change in the midst of all this uncertainty is usually a decision that [you’ll] regret,” said Don Bennyhoff, chief investment officer for Liberty Wealth Advisors and a former investment strategist at Vanguard.
Look back at periods of crisis over the last century and you’ll see that stocks typically came back faster than anyone might have expected in the moment, and did well on average over time.
For example, since the financial crisis hit in 2008, the S&P 500 has returned 11% a year on average through 2021, according to data analyzed by First Trust Advisors. The worst year in that period was 2008, when stocks fell 38%. But in most of the years that followed, the index posted a gain. And four of its annual gains ranged between 23% and 30%.
If you go back as far as 1926, that annual average return on the S&P has been 10.5%.
“Staying the course may be hard on your nerves, but it can be healthiest for your portfolio,” Williams said.
It’s easy to say you have a high tolerance for risk when stocks are soaring. But you have to be able to stomach the volatility that inevitably comes with investing over time.
So review your holdings to make sure they still align with your risk tolerance for a potentially rockier road ahead. And while you’re at it, figure out what it means to you to “lose” money.
“There are many definitions of risk and loss,” Bennyhoff said.
For instance, if you’re keeping money in a savings account or CD, any interest you’re earning is likely being outpaced by inflation. So while you preserve your principal, you lose buying power over time.
That said, for longer-term goals, figure out how much you feel comfortable putting at some risk to get a greater return and prevent inflation from eating away at your savings and gains.
“Over time you’re better off and safer as a person if you can grow your wealth,” Adam said.
Given record stock returns in the past few years, now is a good time to rebalance your portfolio if you haven’t done so in a while.
For instance, Adam said, you may be overweight in growth stocks. To help stabilize your returns going forward, she suggested maybe reallocating some money into slower-growing, dividend-paying value stocks through a mutual fund.
And check to see that you have at least some exposure to bonds. While inflation has resulted in the worst quarterly return in high-quality bonds in 40 years, don’t count them out.
“Should a recession result from the Fed’s aggressive interest rate hikes to quell inflation, bonds are likely to do well. Recessions tend to be far kinder to high quality bonds than they are to stocks,” Bennyhoff said.
If you have a large lump sum – maybe you just sold your business or house, or you got an inheritance or big bonus – you may wonder what to do with it now.
Given all the global uncertainty, Adam recommends investing it in smaller chunks periodically – e.g., every month for a given period of time – rather than all at once.
“Space out your investing over time since this week’s news will be different than next week’s news,” she said.
Whatever the news today, building financial security over time requires a cool, steady hand.
“Don’t let your feelings about the economy or the markets sabotage your long-term growth. Stay invested, stay disciplined. History shows that what people – or even experts – think about the market is usually wrong. The best way to meet your long-term goals is just stay invested and stick to your allocation,” Adam said.
Doing so will help minimize any damage a rough market in 2022 may cause.
“If you’ve built an appropriately diversified portfolio that matches your time horizon and risk tolerance, it’s likely the recent market drop will be a mere blip in your long-term investing plan,” Williams said.
Remember, too: It’s impossible to make perfect choices since no one has perfect information."
www.bbc.com,climate,2021,11,Reliable,"Scotland's ambitious climate target to cut emissions by 75% by 2030 may have been ""over-cooked"", according to the UK's independent climate watchdog.
Chris Stark, chief executive of the Committee on Climate Change (CCC), said Holyrood's goal was a ""huge challenge"".
His concerns come as the United Nations COP26 climate change summit begins in Glasgow.
The Scottish government said they had a ""credible pathway to meeting emission targets"" until 2032.
Meanwhile Scottish Secretary Alister Jack has said the controversial Cambo oil field should be opened ""100%"".
Delegates from about 200 countries have come to Glasgow to discuss tackling climate change.
With the world warming because of fossil fuel emissions caused by humans, scientists warn that urgent action is needed to avoid a climate catastrophe.
Speaking on the BBC Scotland podcast No Hot Air Mr Stark said annual targets had already been missed but he was most worried about Scotland's target for 2030.
""That is an enormously challenging target for Scotland and it rests ultimately on Scotland doing more and earlier than the rest of the UK on cutting emissions,"" he said.
Scotland wants to hit its 2030 target before reaching net zero in 2045 - five years earlier than the UK as a whole.
""I would love to be wrong on this, but what that means is that the government here in Scotland is going to have to come up with proposals that show how Scotland will stride ahead of the UK on some of the key transitions that need to take place. Notably decarbonising homes, decarbonising industry.""
He added: ""We haven't seen those kinds of policies, and maybe the third one I'll add is carbon capture which has become a really sensitive topic since the UK government decided not to fund in the first tranche of funding carbon capture plant in Peterhead. ""
Scotland needed ""deep cooperation with the UK policies for decarbonising"", Mr Stark said.
A Scottish government spokesman said their Climate Change Plan and their recent ""catch up report"" provided a ""clear and credible pathway"" to meeting the 75% target for 2030 and two further annual targets beyond that.
He said: ""Scotland has decarbonised faster than any G20 nation since 2008 - but we know there is much more to do.""
What is net zero?
Net zero means not adding to the amount of greenhouse gases in the atmosphere.
Achieving it will involve reducing greenhouse gas emissions as much as possible and balancing out any that remain by removing an equivalent amount.
Greenhouse gases like carbon dioxide (CO2) are released when we burn oil, gas and coal for homes, factories and transport. This causes global warming by trapping the sun's energy.
Regarding fossil fuel extraction, Mr Stark said the UK government was giving the ""wrong signals"" by considering drilling in a vast new North Atlantic oil field at Cambo and opening a new coal mine in Cumbria.
""The UK authorities need to think in the global sense about all of these oil and gas developments - any new fossil fuel developments will have a global impact,"" he told the BBC.
He advised that it would be best to ""get on as steep a trajectory as possible away from fossil fuels"".
The Scottish government said ""unlimited extraction of fossil fuels is not consistent"" with climate obligations and they were focussed on the ""fastest possible just transition for the oil and gas sector"" to deliver jobs, economic benefit, energy security and meet climate obligations.
However, it said there was no ""realistic route to net zero"" without carbon capture and storage, and criticised the UK government for not backing the Scottish Cluster, which includes the Acorn project at St Fergus.
Alister Jack, Secretary of State for Scotland, told The Sunday Show the UK was leading the world on emission targets, having reduced emissions by 50% since 1990.
But he said oil and gas drilling had to continue, and it should go ahead at Cambo, which contains more than 800m barrels of oil. If approval is given, drilling could start in 2022.
He said: ""100% we should open the Cambo oil field, 100% we need to keep backing oil and gas. We still need oil for our petrochemical industry to make instruments for our NHS. That won't stop.
""We'll stop the combustion engine by 2035 and that's how it should be, but it won't change the fact that we still need oil for products and we need to be realistic about that.""
The UK's net zero plan for 2050 accounted for North Sea drilling, including the Cambo oil field, he added.
COP26 president Alok Sharma, also a Conservative MP, told the BBC's Andrew Marr that there had yet to be a decision on Cambo but there would be ""climate compatibility"" checks on the granting of any future oil and gas licenses.
The International Energy Agency says to reach Paris Agreement targets, countries should not be approving any new oil and gas fields from this year.
Scottish Secretary Alister Jack, like other UK government ministers, had to perform a balancing act on television this morning.
He's calling on decision makers from across the world to make drastic changes in the name of combating climate change.
At the same time, he told BBC Scotland's The Sunday Show that he's ""100%"" backing oil and gas production in Scotland.
The accusation is straightforward: ""You're not practising what you preach, so why should other countries change?""
Can Alister Jack and his colleagues convince the world these are compatible with taking climate change seriously?
The COP26 global climate summit in Glasgow in November is seen as crucial if climate change is to be brought under control. Almost 200 countries are being asked for their plans to cut emissions, and it could lead to major changes to our everyday lives.",4,,,,,,,"Scotland's ambitious climate target to cut emissions by 75% by 2030 may have been ""over-cooked"", according to the UK's independent climate watchdog.
Chris Stark, chief executive of the Committee on Climate Change (CCC), said Holyrood's goal was a ""huge challenge"".
His concerns come as the United Nations COP26 climate change summit begins in Glasgow.
The Scottish government said they had a ""credible pathway to meeting emission targets"" until 2032.
Meanwhile Scottish Secretary Alister Jack has said the controversial Cambo oil field should be opened ""100%"".
Delegates from about 200 countries have come to Glasgow to discuss tackling climate change.
With the world warming because of fossil fuel emissions caused by humans, scientists warn that urgent action is needed to avoid a climate catastrophe.
Speaking on the BBC Scotland podcast No Hot Air Mr Stark said annual targets had already been missed but he was most worried about Scotland's target for 2030.
""That is an enormously challenging target for Scotland and it rests ultimately on Scotland doing more and earlier than the rest of the UK on cutting emissions,"" he said.
Scotland wants to hit its 2030 target before reaching net zero in 2045 - five years earlier than the UK as a whole.
""I would love to be wrong on this, but what that means is that the government here in Scotland is going to have to come up with proposals that show how Scotland will stride ahead of the UK on some of the key transitions that need to take place. Notably decarbonising homes, decarbonising industry.""
He added: ""We haven't seen those kinds of policies, and maybe the third one I'll add is carbon capture which has become a really sensitive topic since the UK government decided not to fund in the first tranche of funding carbon capture plant in Peterhead. ""
Scotland needed ""deep cooperation with the UK policies for decarbonising"", Mr Stark said.
A Scottish government spokesman said their Climate Change Plan and their recent ""catch up report"" provided a ""clear and credible pathway"" to meeting the 75% target for 2030 and two further annual targets beyond that.
He said: ""Scotland has decarbonised faster than any G20 nation since 2008 - but we know there is much more to do.""
What is net zero?
Net zero means not adding to the amount of greenhouse gases in the atmosphere.
Achieving it will involve reducing greenhouse gas emissions as much as possible and balancing out any that remain by removing an equivalent amount.
Greenhouse gases like carbon dioxide (CO2) are released when we burn oil, gas and coal for homes, factories and transport. This causes global warming by trapping the sun's energy.
Regarding fossil fuel extraction, Mr Stark said the UK government was giving the ""wrong signals"" by considering drilling in a vast new North Atlantic oil field at Cambo and opening a new coal mine in Cumbria.
""The UK authorities need to think in the global sense about all of these oil and gas developments - any new fossil fuel developments will have a global impact,"" he told the BBC.
He advised that it would be best to ""get on as steep a trajectory as possible away from fossil fuels"".
The Scottish government said ""unlimited extraction of fossil fuels is not consistent"" with climate obligations and they were focussed on the ""fastest possible just transition for the oil and gas sector"" to deliver jobs, economic benefit, energy security and meet climate obligations.
However, it said there was no ""realistic route to net zero"" without carbon capture and storage, and criticised the UK government for not backing the Scottish Cluster, which includes the Acorn project at St Fergus.
Alister Jack, Secretary of State for Scotland, told The Sunday Show the UK was leading the world on emission targets, having reduced emissions by 50% since 1990.
But he said oil and gas drilling had to continue, and it should go ahead at Cambo, which contains more than 800m barrels of oil. If approval is given, drilling could start in 2022.
He said: ""100% we should open the Cambo oil field, 100% we need to keep backing oil and gas. We still need oil for our petrochemical industry to make instruments for our NHS. That won't stop.
""We'll stop the combustion engine by 2035 and that's how it should be, but it won't change the fact that we still need oil for products and we need to be realistic about that.""
The UK's net zero plan for 2050 accounted for North Sea drilling, including the Cambo oil field, he added.
COP26 president Alok Sharma, also a Conservative MP, told the BBC's Andrew Marr that there had yet to be a decision on Cambo but there would be ""climate compatibility"" checks on the granting of any future oil and gas licenses.
The International Energy Agency says to reach Paris Agreement targets, countries should not be approving any new oil and gas fields from this year.
Scottish Secretary Alister Jack, like other UK government ministers, had to perform a balancing act on television this morning.
He's calling on decision makers from across the world to make drastic changes in the name of combating climate change.
At the same time, he told BBC Scotland's The Sunday Show that he's ""100%"" backing oil and gas production in Scotland.
The accusation is straightforward: ""You're not practising what you preach, so why should other countries change?""
Can Alister Jack and his colleagues convince the world these are compatible with taking climate change seriously?
The COP26 global climate summit in Glasgow in November is seen as crucial if climate change is to be brought under control. Almost 200 countries are being asked for their plans to cut emissions, and it could lead to major changes to our everyday lives."
www.theblaze.com,health,2022,5,Unreliable,"The U.S. Food and Drug administration announced limits on the authorized use of the Johnson & Johnson COVID-19 vaccine on Thursday, citing concerns over rare and potentially life-threatening blood clots that can be a side effect of the vaccine.
The authorized use of the vaccine is now limited to individuals 18 and older for whom other authorized or approved COVID-19 vaccines are not accessible or clinically appropriate and to adults who choose to receive the Johnson & Johnson vaccine because they do not want to take another one.
According to the FDA, an analysis of reported vaccine side effects has determined there is a risk of thrombosis with thrombocytopenia syndrome (TTS), which causes blood clots in combination with low levels of blood platelets. Symptoms of the side effect can appear approximately one to two weeks after an individual receives the Johnson & Johnson vaccine, the FDA said.
But there are some people the FDA says should still be eligible to receive the Johnson & Johnson vaccine, such as those who have had a severe allergic reaction to the mRNA vaccines manufactured by Pfizer/BioNTech or Moderna, those who object to taking an mRNA vaccine, or those with limited access to mRNA COVID-19 vaccines.
“We recognize that the Janssen COVID-19 Vaccine still has a role in the current pandemic response in the United States and across the global community. Our action reflects our updated analysis of the risk of TTS following administration of this vaccine and limits the use of the vaccine to certain individuals,"" said Dr. Peter Marks, director of the FDA's Center for Biologics Evaluation and Research.
“Today’s action demonstrates the robustness of our safety surveillance systems and our commitment to ensuring that science and data guide our decisions. We’ve been closely monitoring the Janssen COVID-19 Vaccine and occurrence of TTS following its administration and have used updated information from our safety surveillance systems to revise the EUA,"" he continued.
""The agency will continue to monitor the safety of the Janssen COVID-19 Vaccine and all other vaccines, and as has been the case throughout the pandemic, will thoroughly evaluate new safety information,” Marks said.
The Johnson & Johnson COVID-19 vaccine received FDA emergency use authorization on Feb. 27, 2021. Months later on April 13, 2021, the FDA and the CDC issued a call to ""pause"" the administration of the vaccine over concerns of blood clotting. At the time, the agency wanted to investigate six reported cases of TTS after nearly 7 million doses of Johnson & Johnson's single-dose vaccine had been administered. The pause was lifted on April 23, 2021, after the FDA and CDC conducted a safety evaluation.
In December, the CDC's Advisory Committee on Immunization Practices issued a ""preferential recommendation"" stating that unvaccinated adults should get one of the mRNA COVID-19 vaccines before they consider taking the Johnson & Johnson vaccine.
A fact sheet provided by the FDA says that TTS cases have been reported in males and females, in a wide range of individuals age 18 years and older. The highest reported rate of TTS was approximately 8 cases per 1,000,000 vaccine doses administered among females ages 30-29 years. The FDA says that approximately 15% of reported TTS cases have been fatal.",3,,,,,,,"The U.S. Food and Drug administration announced limits on the authorized use of the Johnson & Johnson COVID-19 vaccine on Thursday, citing concerns over rare and potentially life-threatening blood clots that can be a side effect of the vaccine.
The authorized use of the vaccine is now limited to individuals 18 and older for whom other authorized or approved COVID-19 vaccines are not accessible or clinically appropriate and to adults who choose to receive the Johnson & Johnson vaccine because they do not want to take another one.
According to the FDA, an analysis of reported vaccine side effects has determined there is a risk of thrombosis with thrombocytopenia syndrome (TTS), which causes blood clots in combination with low levels of blood platelets. Symptoms of the side effect can appear approximately one to two weeks after an individual receives the Johnson & Johnson vaccine, the FDA said.
But there are some people the FDA says should still be eligible to receive the Johnson & Johnson vaccine, such as those who have had a severe allergic reaction to the mRNA vaccines manufactured by Pfizer/BioNTech or Moderna, those who object to taking an mRNA vaccine, or those with limited access to mRNA COVID-19 vaccines.
“We recognize that the Janssen COVID-19 Vaccine still has a role in the current pandemic response in the United States and across the global community. Our action reflects our updated analysis of the risk of TTS following administration of this vaccine and limits the use of the vaccine to certain individuals,"" said Dr. Peter Marks, director of the FDA's Center for Biologics Evaluation and Research.
“Today’s action demonstrates the robustness of our safety surveillance systems and our commitment to ensuring that science and data guide our decisions. We’ve been closely monitoring the Janssen COVID-19 Vaccine and occurrence of TTS following its administration and have used updated information from our safety surveillance systems to revise the EUA,"" he continued.
""The agency will continue to monitor the safety of the Janssen COVID-19 Vaccine and all other vaccines, and as has been the case throughout the pandemic, will thoroughly evaluate new safety information,” Marks said.
The Johnson & Johnson COVID-19 vaccine received FDA emergency use authorization on Feb. 27, 2021. Months later on April 13, 2021, the FDA and the CDC issued a call to ""pause"" the administration of the vaccine over concerns of blood clotting. At the time, the agency wanted to investigate six reported cases of TTS after nearly 7 million doses of Johnson & Johnson's single-dose vaccine had been administered. The pause was lifted on April 23, 2021, after the FDA and CDC conducted a safety evaluation.
In December, the CDC's Advisory Committee on Immunization Practices issued a ""preferential recommendation"" stating that unvaccinated adults should get one of the mRNA COVID-19 vaccines before they consider taking the Johnson & Johnson vaccine.
A fact sheet provided by the FDA says that TTS cases have been reported in males and females, in a wide range of individuals age 18 years and older. The highest reported rate of TTS was approximately 8 cases per 1,000,000 vaccine doses administered among females ages 30-29 years. The FDA says that approximately 15% of reported TTS cases have been fatal."
www.cnn.com,politics,2022,6,Reliable,"“This was a crime against humanity. This was nothing but pure evil, that someone could allow this to happen, to anyone, let alone that many people,” the chief said.
McManus, who has been in law enforcement since 1975, was reluctant to describe the graphic scene.
In emergency responder radio traffic posted on the scanner website Broadcastify.com, one person can be heard requesting more help at the scene. “I have too many bodies here,” the man says.
No further victims were found after a search of the area with K-9s, McManus said.
In all, 53 people died in what one Homeland Security Investigations’ agent called the deadliest human smuggling incident in US history. Some victims could be younger than 18.
Authorities in Mexico, Guatemala and Honduras have said they are collaborating with the US in trying to identify the people who died.
The suspected driver of the truck was spotted attempting to leave the scene, McManus said. In the recording on Broadcastify, one person says the man was seen running near some railroad tracks while another says to keep a lookout for the driver, thought to be a man in a brown shirt.
The chief said a police helicopter followed the suspect, who was ultimately detained in a field. The chief did not go into the condition nor demeanor of the suspected driver.
Homero Zamorano Jr., 45, was arrested Wednesday, according to the US Department of Justice. Surveillance footage from a camera at an immigration checkpoint showed the driver of the 18-wheeler wearing black stripes and a hat.
“(San Antonio Police) officers were led to the location of an individual, later identified as Zamorano, who was observed hiding in the brush after attempting to abscond. Zamorano was detained by SAPD officers,” a DOJ release said.
Zamorano, who lives in Pasadena, Texas, made his first court appearance before a federal judge in San Antonio on Thursday. He is charged with human smuggling resulting in death, and if convicted he could face up to life in prison or death.
When asked by CNN, Zamorano’s attorney said he did not wish to comment.
The US Attorney’s Office in San Antonio has filed a motion requesting Zamorano to be detained without bond, citing “a serious risk that the Defendant will flee,” court documents show.
According to Zamorano’s criminal complaint, he was escorted to a local hospital for medical evaluation after San Antonio police officers encountered and detained him at the scene. A cell phone, hat, and wallet containing Zamorano’s ID card were recovered from his person and the immediate area, the complaint added.
Three other individuals have also been arrested and charged in connection with the case.
Eleven of the 16 survivors are still hospitalized, according to US Immigration and Customs Enforcement. At least two patients are in critical condition, hospital officials said.
Gustavo García-Siller, the archbishop of the diocese of San Antonio, said most of the survivors were unresponsive or could not communicate due to their conditions when he visited them earlier this week.
“They were all hooked to machines and some intubated, so there was not a possibility of dialogue. My place was to pray, to think about their families. I spoke to some of them without receiving any reaction back but I knew that I was speaking to real persons in suffering and that God knows their hearts,” García-Siller told CNN.
After visiting the six hospitals where the survivors have been treated, the archbishop said he could only speak with a 16-year-old girl from Guatemala. The girl had not been able to reach her family because she had to give up her phone, García-Siller said.
“The dialogue was to assure her that everyone there was there to help her, that she was alive,” he said.
“She was the last one that I saw, seeing all the rest, she seemed to be in very good shape and the nurse told me she was fine but they needed to keep her to be sure. In her reactions, she was not very talkative, surely as expected,” he added.
The archbishop said at another hospital he was able to communicate with another survivor only through hand gestures.
“I invited her to trust, I assured her that she has made it and that we hope that she would make a full recovery. For immigrants (it) is very difficult to trust people around them, especially if you see one, two officials at the door of your room,” he said.
García-Siller said he has worked with migrants since the 1980s but has never seen such a large group of people die in a single incident.
“People were abandoned to die. They were dying, burning inside of that place, you can imagine with no water, no food, with natural physical needs. It’s hard to picture what happened in that box, dark box. I invite you, respect people. People are people. Treat others as you would like them to treat you,” he said.
A makeshift memorial continues to grow at the desolate road in the outskirts of San Antonio where the truck was discovered.
Mostly in silence Wednesday, dozens of families placed flowers, candles bearing images of the Virgen de Guadalupe and gallons of water – a nod to how migrants carry water on their trek to the US.
Among those visiting the memorial, some people wore the Honduran national soccer team jersey, and many spoke Spanish and Indigenous Mayan languages as they prayed or held their phones up, showing the memorial during video calls with relatives outside the US.
“My aunt in Honduras asked me to call her from here, she is the one who first told me about what happened,” a woman who had been on a video call said.
A second memorial surrounding pieces of clothing and two pairs of black sneakers began Wednesday several yards down the road. A group of people believing the clothing may have belonged to some of the migrants in the truck, laid them flat and placed a pair of candles around them.
On Monday, the truck went through a checkpoint north of Laredo, Texas, according to US Rep. Henry Cuellar, a Democrat whose sprawling district includes Laredo and San Antonio. It was discovered nearly 150 miles north of the border.
Texas Republican Gov. Greg Abbott announced Wednesday the state would add truck checkpoints and the Department of Public Safety (DPS) “will create and implement a checkpoint strategy beginning immediately where they will begin targeting trucks like the one that was used” in this incident.
Abbott also said the state is creating two strike teams to “detect, deter and apprehend” unlawful crossings of immigrants.
The Biden administration earlier this month launched what US Homeland Security Secretary Alejandro Mayorkas called an “unprecedented” operation to disrupt human smuggling networks amid soaring numbers of migrants at the southern border.
White House press secretary Karine Jean-Pierre repeated those words at a briefing Wednesday. “As Secretary Mayorkas said, far too many lives have been lost to this dangerous journey. We will continue to take action to disrupt human smuggling networks, which have no regard for lives. They explode – exploit and endanger in order to make a profit,” Jean-Pierre said.",3,,,,,,,"“This was a crime against humanity. This was nothing but pure evil, that someone could allow this to happen, to anyone, let alone that many people,” the chief said.
McManus, who has been in law enforcement since 1975, was reluctant to describe the graphic scene.
In emergency responder radio traffic posted on the scanner website Broadcastify.com, one person can be heard requesting more help at the scene. “I have too many bodies here,” the man says.
No further victims were found after a search of the area with K-9s, McManus said.
In all, 53 people died in what one Homeland Security Investigations’ agent called the deadliest human smuggling incident in US history. Some victims could be younger than 18.
Authorities in Mexico, Guatemala and Honduras have said they are collaborating with the US in trying to identify the people who died.
The suspected driver of the truck was spotted attempting to leave the scene, McManus said. In the recording on Broadcastify, one person says the man was seen running near some railroad tracks while another says to keep a lookout for the driver, thought to be a man in a brown shirt.
The chief said a police helicopter followed the suspect, who was ultimately detained in a field. The chief did not go into the condition nor demeanor of the suspected driver.
Homero Zamorano Jr., 45, was arrested Wednesday, according to the US Department of Justice. Surveillance footage from a camera at an immigration checkpoint showed the driver of the 18-wheeler wearing black stripes and a hat.
“(San Antonio Police) officers were led to the location of an individual, later identified as Zamorano, who was observed hiding in the brush after attempting to abscond. Zamorano was detained by SAPD officers,” a DOJ release said.
Zamorano, who lives in Pasadena, Texas, made his first court appearance before a federal judge in San Antonio on Thursday. He is charged with human smuggling resulting in death, and if convicted he could face up to life in prison or death.
When asked by CNN, Zamorano’s attorney said he did not wish to comment.
The US Attorney’s Office in San Antonio has filed a motion requesting Zamorano to be detained without bond, citing “a serious risk that the Defendant will flee,” court documents show.
According to Zamorano’s criminal complaint, he was escorted to a local hospital for medical evaluation after San Antonio police officers encountered and detained him at the scene. A cell phone, hat, and wallet containing Zamorano’s ID card were recovered from his person and the immediate area, the complaint added.
Three other individuals have also been arrested and charged in connection with the case.
Eleven of the 16 survivors are still hospitalized, according to US Immigration and Customs Enforcement. At least two patients are in critical condition, hospital officials said.
Gustavo García-Siller, the archbishop of the diocese of San Antonio, said most of the survivors were unresponsive or could not communicate due to their conditions when he visited them earlier this week.
“They were all hooked to machines and some intubated, so there was not a possibility of dialogue. My place was to pray, to think about their families. I spoke to some of them without receiving any reaction back but I knew that I was speaking to real persons in suffering and that God knows their hearts,” García-Siller told CNN.
After visiting the six hospitals where the survivors have been treated, the archbishop said he could only speak with a 16-year-old girl from Guatemala. The girl had not been able to reach her family because she had to give up her phone, García-Siller said.
“The dialogue was to assure her that everyone there was there to help her, that she was alive,” he said.
“She was the last one that I saw, seeing all the rest, she seemed to be in very good shape and the nurse told me she was fine but they needed to keep her to be sure. In her reactions, she was not very talkative, surely as expected,” he added.
The archbishop said at another hospital he was able to communicate with another survivor only through hand gestures.
“I invited her to trust, I assured her that she has made it and that we hope that she would make a full recovery. For immigrants (it) is very difficult to trust people around them, especially if you see one, two officials at the door of your room,” he said.
García-Siller said he has worked with migrants since the 1980s but has never seen such a large group of people die in a single incident.
“People were abandoned to die. They were dying, burning inside of that place, you can imagine with no water, no food, with natural physical needs. It’s hard to picture what happened in that box, dark box. I invite you, respect people. People are people. Treat others as you would like them to treat you,” he said.
A makeshift memorial continues to grow at the desolate road in the outskirts of San Antonio where the truck was discovered.
Mostly in silence Wednesday, dozens of families placed flowers, candles bearing images of the Virgen de Guadalupe and gallons of water – a nod to how migrants carry water on their trek to the US.
Among those visiting the memorial, some people wore the Honduran national soccer team jersey, and many spoke Spanish and Indigenous Mayan languages as they prayed or held their phones up, showing the memorial during video calls with relatives outside the US.
“My aunt in Honduras asked me to call her from here, she is the one who first told me about what happened,” a woman who had been on a video call said.
A second memorial surrounding pieces of clothing and two pairs of black sneakers began Wednesday several yards down the road. A group of people believing the clothing may have belonged to some of the migrants in the truck, laid them flat and placed a pair of candles around them.
On Monday, the truck went through a checkpoint north of Laredo, Texas, according to US Rep. Henry Cuellar, a Democrat whose sprawling district includes Laredo and San Antonio. It was discovered nearly 150 miles north of the border.
Texas Republican Gov. Greg Abbott announced Wednesday the state would add truck checkpoints and the Department of Public Safety (DPS) “will create and implement a checkpoint strategy beginning immediately where they will begin targeting trucks like the one that was used” in this incident.
Abbott also said the state is creating two strike teams to “detect, deter and apprehend” unlawful crossings of immigrants.
The Biden administration earlier this month launched what US Homeland Security Secretary Alejandro Mayorkas called an “unprecedented” operation to disrupt human smuggling networks amid soaring numbers of migrants at the southern border.
White House press secretary Karine Jean-Pierre repeated those words at a briefing Wednesday. “As Secretary Mayorkas said, far too many lives have been lost to this dangerous journey. We will continue to take action to disrupt human smuggling networks, which have no regard for lives. They explode – exploit and endanger in order to make a profit,” Jean-Pierre said."
www.cnn.com,climate,2019,1,Reliable,"Climate change could “halt and reverse” progress made in human health over the last century.
The grim analysis comes from one of the authors of a new report in the New England Journal of Medicine that suggests rising global temperatures could lead to many more deaths than the 250,000 a year the World Health Organization predicted just five years ago.
In 2014 the WHO said that climate change will bring with it malaria, diarrhea, heat stress and malnutrition, killing that many more people annually around the world from 2030 to 2050.
“We think the impact is more difficult to quantify because there is also population displacement and a range of additional factors like food production and crop yield, and the increase in heat that will limit labor productivity from farmers in tropical regions that wasn’t taken into account among other factors,” said Haines, a British epidemiologist and former director of the London School of Hygiene & Tropical Medicine.
Due to climate change-related food shortages alone, the world could see a net increase of 529,000 adult deaths by 2050, the report said. Climate change could force 100 million people into extreme poverty by 2030 and poverty makes people more vulnerable to health problems.
Haines adds that climate change, “while the most important environmental threat facing humanity,” is not the only environmental problem that threatens our health.
The depletion of freshwater resources, the unprecedented biodiversity loss, ocean acidification, overfishing, pollution, deforestation and the spread of invasive species, that are related to climate change, but are environmental problems on their own, all compound these public health threats he said.
“It is an urgent task to understand how to safeguard health in the face of these dramatic trends, all of which are caused by human activities related to patterns of economic activity.” Haines added.
An editorial accompanying the report urges medical professionals to take this report seriously. Its co-author, Dr. Caren Solomon, suggests doctors have a “special responsibility to safeguard health and alleviate suffering,” and that mission should include working quickly to curtail greenhouse gas emissions.
“We hope that this work will make more people aware and hopefully get more involved,” said Solomon, a primary care physician who serves as deputy editor at the NEJM, and an associate professor of medicine at Harvard Medical School and Brigham and Women’s Hospital. Her editorial points out that the health care sector accounts for nearly one-tenth of US greenhouse gas emissions and would rank seventh in the quantity of such emissions internationally, if it were its own country.
Health care workers, she said, should encourage their organizations to reduce their carbon footprint.
Reducing a health care facility’s carbon footprint is possible.
She points to groups like Boston Medical Center, which generates its own energy efficient electricity and has climate-friendly programs like its hospital-based rooftop farm. Or the Gundersen Health System in Wisconsin that in 2014 became the first health care system in the country to produce more energy than it consumes, using wind, solar and methane from a local landfill.
Solomon said physicians can also pressure politicians to create better climate change-oriented public policy and put pressure on groups to use financial divestment as a tool. In 2018, the American Medical Association and the Royal College of General Practitioners passed resolutions calling for divestment in fossil fuel companies.
Doctors can also help educate patients and motivate people to act.
“There are substantial benefits and co-benefits of working to reduce these greenhouse gasses,” said Solomon. Riding a bike to work or walking, rather than driving, for example cuts down on climate change-related pollution and the exercise is better for your health. Cleaner air also improves people’s health.
“We all know that prevention in medicine is enormously more effective and efficient, rather than waiting for full blown disease. We view climate change in the same manner and know that if we take action immediately, we can avoid the catastrophic health effects that are projected,” Solomon said.",3,,,,,,,"Climate change could “halt and reverse” progress made in human health over the last century.
The grim analysis comes from one of the authors of a new report in the New England Journal of Medicine that suggests rising global temperatures could lead to many more deaths than the 250,000 a year the World Health Organization predicted just five years ago.
In 2014 the WHO said that climate change will bring with it malaria, diarrhea, heat stress and malnutrition, killing that many more people annually around the world from 2030 to 2050.
“We think the impact is more difficult to quantify because there is also population displacement and a range of additional factors like food production and crop yield, and the increase in heat that will limit labor productivity from farmers in tropical regions that wasn’t taken into account among other factors,” said Haines, a British epidemiologist and former director of the London School of Hygiene & Tropical Medicine.
Due to climate change-related food shortages alone, the world could see a net increase of 529,000 adult deaths by 2050, the report said. Climate change could force 100 million people into extreme poverty by 2030 and poverty makes people more vulnerable to health problems.
Haines adds that climate change, “while the most important environmental threat facing humanity,” is not the only environmental problem that threatens our health.
The depletion of freshwater resources, the unprecedented biodiversity loss, ocean acidification, overfishing, pollution, deforestation and the spread of invasive species, that are related to climate change, but are environmental problems on their own, all compound these public health threats he said.
“It is an urgent task to understand how to safeguard health in the face of these dramatic trends, all of which are caused by human activities related to patterns of economic activity.” Haines added.
An editorial accompanying the report urges medical professionals to take this report seriously. Its co-author, Dr. Caren Solomon, suggests doctors have a “special responsibility to safeguard health and alleviate suffering,” and that mission should include working quickly to curtail greenhouse gas emissions.
“We hope that this work will make more people aware and hopefully get more involved,” said Solomon, a primary care physician who serves as deputy editor at the NEJM, and an associate professor of medicine at Harvard Medical School and Brigham and Women’s Hospital. Her editorial points out that the health care sector accounts for nearly one-tenth of US greenhouse gas emissions and would rank seventh in the quantity of such emissions internationally, if it were its own country.
Health care workers, she said, should encourage their organizations to reduce their carbon footprint.
Reducing a health care facility’s carbon footprint is possible.
She points to groups like Boston Medical Center, which generates its own energy efficient electricity and has climate-friendly programs like its hospital-based rooftop farm. Or the Gundersen Health System in Wisconsin that in 2014 became the first health care system in the country to produce more energy than it consumes, using wind, solar and methane from a local landfill.
Solomon said physicians can also pressure politicians to create better climate change-oriented public policy and put pressure on groups to use financial divestment as a tool. In 2018, the American Medical Association and the Royal College of General Practitioners passed resolutions calling for divestment in fossil fuel companies.
Doctors can also help educate patients and motivate people to act.
“There are substantial benefits and co-benefits of working to reduce these greenhouse gasses,” said Solomon. Riding a bike to work or walking, rather than driving, for example cuts down on climate change-related pollution and the exercise is better for your health. Cleaner air also improves people’s health.
“We all know that prevention in medicine is enormously more effective and efficient, rather than waiting for full blown disease. We view climate change in the same manner and know that if we take action immediately, we can avoid the catastrophic health effects that are projected,” Solomon said."
www.cnn.com,health,2022,2,Reliable,"Editor’s Note: Kent Sepkowitz is a physician and infection control expert at Memorial Sloan Kettering Cancer Center in New York. The views expressed in this commentary are his own. View more opinion on CNN.
Here we go again: Covid-19 cases are falling in nearly every state, spring is in the air and everyone is getting restless. Some have even gone so far as to let us know they are done with the pandemic or at least ready to move away from the problem.
Though the chaos created by the now-fading Omicron variant was quite frightening, I suspect the turbulence ahead will be worse. During the height of Omicron’s surge, many returned to working from home, were careful to don masks when in public and cut down on unnecessary public outings.
Now with something like normalcy within grasp again, the pace and specifics of how best to resume workaday life are under the microscope. Though this should be a time of thankfulness – society did not collapse despite the record-breaking charge of the rampaging virus – it rather has created a serious predicament for the public health leaders tasked with moving the country forward.
The problem is simple: Though the public has learned many things about viruses, epidemiology and the human immune system over the past two years, many still seem unwilling to accept that what works for today’s facts may not work for tomorrow’s. Any shift in guidance or perspective is considered weak and waffling, playing politics or flat-out betrayal.
Experts know that right now, in many areas, peeling back the precautions is safe, if done cautiously, which is why we are seeing mask mandates easing in many states, including New York. These actions can help the public gain confidence and provide useful information should another variant of concern emerge.
But public health leaders also know that if another variant of concern arises, it will necessitate yet another reversal of guidelines – an action that will likely be viewed not as evidence of admirable responsiveness but rather as evidence of a flailing and mostly useless public health voice.
Put simply, while rolling back precautionary policies makes sense right now as Covid-19 cases decline and stabilize, it must be stressed that the only way it is safe to return to normal life is with a contingency plan for masking back up if the next variant of concern warrants it.
Consider the much-reviled move by the Centers for Disease Control and Prevention in the summer of 2021 when, after an outbreak of Covid-19 cases among vaccinated persons in Provincetown, Massachusetts, experts quickly realized the then-new variant known as Delta was evading the immunity induced by the mRNA vaccines. Even more alarmingly, it was clear that vaccinated people could themselves spread the infection.
Given the new facts, a scheduled easing of mask mandates was not enacted. And the CDC received wide criticism – despite its decision being logical – as if it was a bunch of woolly-headed bumblers, a characterization from which it has not recovered.
Perhaps at the core of the fraying of trust is the continued confusion between advice given for individual health and advice given for public health. Comparing, for example, risk from eating raw cookie dough or undercooked chicken to the risk introduced by not wearing a mask or taking the vaccine – “my body, my choice,” as these new, thoughtless risk-takers like to argue – fails to consider an enormous difference: Sure, public health guidelines care about you, at least a little, but they really care about those around you, both those you know and those you don’t.
So remember: Undercooked chicken is not contagious. If you want to take the risk, go for it. Go ahead and skydive all you want as well, perhaps while eating raw cookie dough. Your body, your choice.
Yes, masks and distancing and vaccines effectively do protect a person’s own health. But the CDC has to worry about that guy over there working the cash register and your friend’s frail grandmother and your friend’s frail grandmother’s health aide.
Stated more bluntly, by our current understanding of SARS-CoV2 transmission, every one of the nearly 920,000 Americans who have died from Covid-19 acquired the infection from another person, who had caught the infection from another person and so on in a long, tangled but incontrovertible chain of contagion that stretches back more than two years.
Yet none of these fatal transmissions was intended. And that is the point: to prevent unintended transmission of a potentially lethal disease requires work, such as wearing a mask, avoiding crowds, taking the vaccine. All of these are unpopular and disruptive – but clearly effective. They save lives, even if you are one of the lucky ones whose life doesn’t need saving.",4,,,,,,,"Editor’s Note: Kent Sepkowitz is a physician and infection control expert at Memorial Sloan Kettering Cancer Center in New York. The views expressed in this commentary are his own. View more opinion on CNN.
Here we go again: Covid-19 cases are falling in nearly every state, spring is in the air and everyone is getting restless. Some have even gone so far as to let us know they are done with the pandemic or at least ready to move away from the problem.
Though the chaos created by the now-fading Omicron variant was quite frightening, I suspect the turbulence ahead will be worse. During the height of Omicron’s surge, many returned to working from home, were careful to don masks when in public and cut down on unnecessary public outings.
Now with something like normalcy within grasp again, the pace and specifics of how best to resume workaday life are under the microscope. Though this should be a time of thankfulness – society did not collapse despite the record-breaking charge of the rampaging virus – it rather has created a serious predicament for the public health leaders tasked with moving the country forward.
The problem is simple: Though the public has learned many things about viruses, epidemiology and the human immune system over the past two years, many still seem unwilling to accept that what works for today’s facts may not work for tomorrow’s. Any shift in guidance or perspective is considered weak and waffling, playing politics or flat-out betrayal.
Experts know that right now, in many areas, peeling back the precautions is safe, if done cautiously, which is why we are seeing mask mandates easing in many states, including New York. These actions can help the public gain confidence and provide useful information should another variant of concern emerge.
But public health leaders also know that if another variant of concern arises, it will necessitate yet another reversal of guidelines – an action that will likely be viewed not as evidence of admirable responsiveness but rather as evidence of a flailing and mostly useless public health voice.
Put simply, while rolling back precautionary policies makes sense right now as Covid-19 cases decline and stabilize, it must be stressed that the only way it is safe to return to normal life is with a contingency plan for masking back up if the next variant of concern warrants it.
Consider the much-reviled move by the Centers for Disease Control and Prevention in the summer of 2021 when, after an outbreak of Covid-19 cases among vaccinated persons in Provincetown, Massachusetts, experts quickly realized the then-new variant known as Delta was evading the immunity induced by the mRNA vaccines. Even more alarmingly, it was clear that vaccinated people could themselves spread the infection.
Given the new facts, a scheduled easing of mask mandates was not enacted. And the CDC received wide criticism – despite its decision being logical – as if it was a bunch of woolly-headed bumblers, a characterization from which it has not recovered.
Perhaps at the core of the fraying of trust is the continued confusion between advice given for individual health and advice given for public health. Comparing, for example, risk from eating raw cookie dough or undercooked chicken to the risk introduced by not wearing a mask or taking the vaccine – “my body, my choice,” as these new, thoughtless risk-takers like to argue – fails to consider an enormous difference: Sure, public health guidelines care about you, at least a little, but they really care about those around you, both those you know and those you don’t.
So remember: Undercooked chicken is not contagious. If you want to take the risk, go for it. Go ahead and skydive all you want as well, perhaps while eating raw cookie dough. Your body, your choice.
Yes, masks and distancing and vaccines effectively do protect a person’s own health. But the CDC has to worry about that guy over there working the cash register and your friend’s frail grandmother and your friend’s frail grandmother’s health aide.
Stated more bluntly, by our current understanding of SARS-CoV2 transmission, every one of the nearly 920,000 Americans who have died from Covid-19 acquired the infection from another person, who had caught the infection from another person and so on in a long, tangled but incontrovertible chain of contagion that stretches back more than two years.
Yet none of these fatal transmissions was intended. And that is the point: to prevent unintended transmission of a potentially lethal disease requires work, such as wearing a mask, avoiding crowds, taking the vaccine. All of these are unpopular and disruptive – but clearly effective. They save lives, even if you are one of the lucky ones whose life doesn’t need saving."
www.rt.com,health,2020,11,Unreliable,"The South Korean Defense Ministry has introduced tight travel restrictions for military personnel after a cluster of Covid-19 infections was discovered at a boot camp near the border with North Korea.
Vacationing and non-essential trips off military sites were banned starting from November 27, the country's Defense Ministry said in a statement. Soldiers staying in barracks must now observe stricter social-distancing rules.
""Troops who violate the rules, resulting a Covid-19 infection or its spread to others, will be strongly reprimanded,"" the ministry said.
The new restrictions came a day after a cluster of infections was discovered at an army boot camp in the town of Yeoncheon near the border with North Korea. As of Thursday, 66 newly enlisted soldiers and four officers have tested positive for Covid-19 at the unit there.
Separately, four officers and a soldier tested positive in three other military sites across the country, bringing the total number of cases in the military to 341.
South Korea was hailed as a success story when it managed to take control of the spread of coronavirus during the early stages of the pandemic. However, the nation has been discovering new clusters of Covid-19.
The Korea Disease Control and Prevention Agency (KDCA) reported 583 new cases on Thursday. It was the first time the daily increase in cases had shot past 500 since early March when South Korea was first hit by the pandemic.
Speaking to reporters on Thursday, Health Minister Park Neung-hoo said that ""more thorough social distancing"" is required to tackle the spike in cases.
Think your friends would be interested? Share this story!",3,,,,,,,"The South Korean Defense Ministry has introduced tight travel restrictions for military personnel after a cluster of Covid-19 infections was discovered at a boot camp near the border with North Korea.
Vacationing and non-essential trips off military sites were banned starting from November 27, the country's Defense Ministry said in a statement. Soldiers staying in barracks must now observe stricter social-distancing rules.
""Troops who violate the rules, resulting a Covid-19 infection or its spread to others, will be strongly reprimanded,"" the ministry said.
The new restrictions came a day after a cluster of infections was discovered at an army boot camp in the town of Yeoncheon near the border with North Korea. As of Thursday, 66 newly enlisted soldiers and four officers have tested positive for Covid-19 at the unit there.
Separately, four officers and a soldier tested positive in three other military sites across the country, bringing the total number of cases in the military to 341.
South Korea was hailed as a success story when it managed to take control of the spread of coronavirus during the early stages of the pandemic. However, the nation has been discovering new clusters of Covid-19.
The Korea Disease Control and Prevention Agency (KDCA) reported 583 new cases on Thursday. It was the first time the daily increase in cases had shot past 500 since early March when South Korea was first hit by the pandemic.
Speaking to reporters on Thursday, Health Minister Park Neung-hoo said that ""more thorough social distancing"" is required to tackle the spike in cases.
Think your friends would be interested? Share this story!"
www.bbc.com,politics,2020,7,Reliable,"Canada's federal court has ruled that an asylum agreement the country has with the US is invalid because America violates the human rights of refugees.
The Safe Third Country Agreement (STCA), in place since 2004, requires refugee claimants to request protection in the first safe country they reach.
But on Wednesday, a judge declared the deal unconstitutional due to the chance that the US will imprison the migrants.
Lawyers for refugees who had been turned away at the Canadian border had challenged the agreement, arguing that the US did not qualify as ""safe"" for asylum seekers.
Nedira Jemal Mustefa, one of the refugees forced to remain in the US, told the court her time in US solitary confinement was ""a terrifying, isolating and psychologically traumatic experience,"" according to the court ruling.
""We're all too familiar with the treatment that the US metes out to asylum seekers,"" Maureen Silcoff, president of the Canadian Association of Refugee Lawyers, told Reuters news agency.
The 5,525 mile (8,891 km) US-Canada border is the longest border between two countries in the world.
The Safe Third Country Agreement is a policy implemented to better manage refugee claims and to avoid so-called ""asylum shopping"" between countries.
But it is also driving asylum seekers to make what the Canadian government calls ""irregular"" crossings to avoid being turned back at official border points.
Since 2017, when President Donald Trump took office promising a crackdown on immigration, some 58,000 people have crossed into Canada from the US in that manner to make subsequent refugee claims.
Canada had been processing their claims until the coronavirus pandemic, when the Canadian government said they would be turned back.
There have been calls in Canada to suspend or renegotiate the agreement with the US.
Federal court judge Ann Marie McDonald ruled that the deal was in violation of a section of Canada's Charter of Rights that bans the government from interfering in the right to life, liberty and security.
""It is my conclusion, based upon the evidence, that ineligible STCA claimants are returned to the US by Canadian officials where they are immediately and automatically imprisoned by US authorities,"" Judge McDonald said in her ruling.
""I have concluded that imprisonment and the attendant consequences are inconsistent with the spirit and objective of the STCA and are a violation of the rights guaranteed by section 7 of the [Charter of Rights and Freedoms],"" she continued.
But the judge delayed the ruling for six months to allow Canada's parliament and the US Congress to respond. The ruling can also be appealed.",5,,,,,,,"Canada's federal court has ruled that an asylum agreement the country has with the US is invalid because America violates the human rights of refugees.
The Safe Third Country Agreement (STCA), in place since 2004, requires refugee claimants to request protection in the first safe country they reach.
But on Wednesday, a judge declared the deal unconstitutional due to the chance that the US will imprison the migrants.
Lawyers for refugees who had been turned away at the Canadian border had challenged the agreement, arguing that the US did not qualify as ""safe"" for asylum seekers.
Nedira Jemal Mustefa, one of the refugees forced to remain in the US, told the court her time in US solitary confinement was ""a terrifying, isolating and psychologically traumatic experience,"" according to the court ruling.
""We're all too familiar with the treatment that the US metes out to asylum seekers,"" Maureen Silcoff, president of the Canadian Association of Refugee Lawyers, told Reuters news agency.
The 5,525 mile (8,891 km) US-Canada border is the longest border between two countries in the world.
The Safe Third Country Agreement is a policy implemented to better manage refugee claims and to avoid so-called ""asylum shopping"" between countries.
But it is also driving asylum seekers to make what the Canadian government calls ""irregular"" crossings to avoid being turned back at official border points.
Since 2017, when President Donald Trump took office promising a crackdown on immigration, some 58,000 people have crossed into Canada from the US in that manner to make subsequent refugee claims.
Canada had been processing their claims until the coronavirus pandemic, when the Canadian government said they would be turned back.
There have been calls in Canada to suspend or renegotiate the agreement with the US.
Federal court judge Ann Marie McDonald ruled that the deal was in violation of a section of Canada's Charter of Rights that bans the government from interfering in the right to life, liberty and security.
""It is my conclusion, based upon the evidence, that ineligible STCA claimants are returned to the US by Canadian officials where they are immediately and automatically imprisoned by US authorities,"" Judge McDonald said in her ruling.
""I have concluded that imprisonment and the attendant consequences are inconsistent with the spirit and objective of the STCA and are a violation of the rights guaranteed by section 7 of the [Charter of Rights and Freedoms],"" she continued.
But the judge delayed the ruling for six months to allow Canada's parliament and the US Congress to respond. The ruling can also be appealed."
www.theblaze.com,economics,2022,8,Unreliable,"The Bureau of Labor Statistics released the July jobs report on Friday – which massively surpassed expectations. Total nonfarm payroll employment increased by 528,000 in July, when it was forecast to add 250,000 jobs.
The Biden administration and left-leaning media basked in the jobs report that appears impressive at first glance.
President Joe Biden said on Friday, ""Today’s jobs report shows that the economy added 528,000 jobs in July. More people are working than at any point in American history. That’s no accident, it’s results.""
Vice President Kamala Harris gloated, ""This morning’s jobs report shows our economy added 528,000 jobs in July, and the unemployment rate matches the lowest it’s been in more than 50 years. More people are working than ever before. We have more to do, but today’s jobs report shows we are making significant progress.""
However, Charles Payne and others poured cold water on President Biden's ""booming"" jobs report.
Payne noticed that ""black Americans are sinking in the midst of the jobs boom.""
In July, there were 39,000 fewer black Americans in the labor force and 68,000 fewer black Americans employed.
""I get this stuff is only newsworthy when GOP is in the White House but some care all the time,"" he added.
Citing Household Survey Data from the Bureau of Labor Statistics, Payne noted that full-time jobs dropped by 71,000, while part-time jobs increased by 384,000, and people who held multiple jobs rose by 92,000.
The report also found that there were 279,000 fewer people who were self-employed.
Federal Reserve Economic Data revealed that 433,000 Americans are working two full-time jobs – which is an all-time high.
Just The News reported, ""This trend of the economy dropping full-time jobs while adding second and part-time jobs has been accelerating since March.""
Many people suggest that the surge in part-time jobs and people getting multiple jobs is because they are facing soaring inflation month after month. In July, inflation hit 9.1% – the highest in more than 40 years.
Despite the Biden administration insisting that the country is not in a recession, key economic statistics suggest otherwise.
According to CNSNews, ""The number of Americans not in the labor force – no job and not looking for one – climbed above the 100,000,000 mark again, settling at 100,051,000 in July. That's a 239,000 increase from June; and it follows an increase of 510,000 from May to June, when the number rose to 99,812,000.""
The BLS announced that real average hourly earnings were down 3.6% year-over-year for June.
Brownstone Institute president Jeffrey A. Tucker said, ""We are living through the longest consecutive month-by-month decline in real personal disposable income since 1959, and it is combined with a most recent 16% increase debt service as a percent of that same income stream. Translation: dramatic moves toward personal impoverishment.""
The Wall Street Journal pointed out, ""The labor-force participation rate—or the share of adults working or seeking a job – ticked down to 62.1% in July from 62.2% a month earlier.""
""While the economy has recovered all the jobs it lost since February 2020, there are still 623,000 fewer people in the workforce, a factor that has pushed up wages due to a demand for workers that is well above the number of available workers,"" the outlet added.
Before the pandemic, the participation rate was 63.4% in February 2020.
The BLS defines the labor force participation rate as ""the number of people in the labor force as a percentage of the civilian noninstitutional population,"" and ""the participation rate is the percentage of the population that is either working or actively looking for work.""
New York Times economic reporter Ben Casselman wrote, ""The labor force participation rate actually fell slightly in July, a discouraging sign for those hoping the strong labor market would bring workers off the sidelines. Participation ticked up slightly among prime-age workers, but remains below its May peak.""
Former Federal Reserve insider Danielle DiMartino said, ""Warning in the weeds: Labor force participation rate AND wage growth falling most among those who benefited the most from the post-pandemic stimulus spending.""
On Friday, Fox News White House reporter Peter Doocy confronted White House Press Secretary Karine Jean-Pierre about the declining labor participation rate.
Doocy asked, ""The labor force participation rate is at its lowest level of the year now. Why do you think that is?""
Jean-Pierre replied, ""So, participation actually ticked up.""
Doocy interjected, ""It declined 0.1 percentage points to 62.1 percent — the lowest level of the year.""
Jean-Pierre responded, ""So it actually ticked up for prime-age workers, when you look at 25 to 54, and for workers 65 and plus. The tick down this month was actually about teenagers. And it’s important to keep in mind that the labor force participation rate has bounced back relatively quickly compared to its pace in the past. So we have seen an uptick in the labor force.""",4,,,,,,,"The Bureau of Labor Statistics released the July jobs report on Friday – which massively surpassed expectations. Total nonfarm payroll employment increased by 528,000 in July, when it was forecast to add 250,000 jobs.
The Biden administration and left-leaning media basked in the jobs report that appears impressive at first glance.
President Joe Biden said on Friday, ""Today’s jobs report shows that the economy added 528,000 jobs in July. More people are working than at any point in American history. That’s no accident, it’s results.""
Vice President Kamala Harris gloated, ""This morning’s jobs report shows our economy added 528,000 jobs in July, and the unemployment rate matches the lowest it’s been in more than 50 years. More people are working than ever before. We have more to do, but today’s jobs report shows we are making significant progress.""
However, Charles Payne and others poured cold water on President Biden's ""booming"" jobs report.
Payne noticed that ""black Americans are sinking in the midst of the jobs boom.""
In July, there were 39,000 fewer black Americans in the labor force and 68,000 fewer black Americans employed.
""I get this stuff is only newsworthy when GOP is in the White House but some care all the time,"" he added.
Citing Household Survey Data from the Bureau of Labor Statistics, Payne noted that full-time jobs dropped by 71,000, while part-time jobs increased by 384,000, and people who held multiple jobs rose by 92,000.
The report also found that there were 279,000 fewer people who were self-employed.
Federal Reserve Economic Data revealed that 433,000 Americans are working two full-time jobs – which is an all-time high.
Just The News reported, ""This trend of the economy dropping full-time jobs while adding second and part-time jobs has been accelerating since March.""
Many people suggest that the surge in part-time jobs and people getting multiple jobs is because they are facing soaring inflation month after month. In July, inflation hit 9.1% – the highest in more than 40 years.
Despite the Biden administration insisting that the country is not in a recession, key economic statistics suggest otherwise.
According to CNSNews, ""The number of Americans not in the labor force – no job and not looking for one – climbed above the 100,000,000 mark again, settling at 100,051,000 in July. That's a 239,000 increase from June; and it follows an increase of 510,000 from May to June, when the number rose to 99,812,000.""
The BLS announced that real average hourly earnings were down 3.6% year-over-year for June.
Brownstone Institute president Jeffrey A. Tucker said, ""We are living through the longest consecutive month-by-month decline in real personal disposable income since 1959, and it is combined with a most recent 16% increase debt service as a percent of that same income stream. Translation: dramatic moves toward personal impoverishment.""
The Wall Street Journal pointed out, ""The labor-force participation rate—or the share of adults working or seeking a job – ticked down to 62.1% in July from 62.2% a month earlier.""
""While the economy has recovered all the jobs it lost since February 2020, there are still 623,000 fewer people in the workforce, a factor that has pushed up wages due to a demand for workers that is well above the number of available workers,"" the outlet added.
Before the pandemic, the participation rate was 63.4% in February 2020.
The BLS defines the labor force participation rate as ""the number of people in the labor force as a percentage of the civilian noninstitutional population,"" and ""the participation rate is the percentage of the population that is either working or actively looking for work.""
New York Times economic reporter Ben Casselman wrote, ""The labor force participation rate actually fell slightly in July, a discouraging sign for those hoping the strong labor market would bring workers off the sidelines. Participation ticked up slightly among prime-age workers, but remains below its May peak.""
Former Federal Reserve insider Danielle DiMartino said, ""Warning in the weeds: Labor force participation rate AND wage growth falling most among those who benefited the most from the post-pandemic stimulus spending.""
On Friday, Fox News White House reporter Peter Doocy confronted White House Press Secretary Karine Jean-Pierre about the declining labor participation rate.
Doocy asked, ""The labor force participation rate is at its lowest level of the year now. Why do you think that is?""
Jean-Pierre replied, ""So, participation actually ticked up.""
Doocy interjected, ""It declined 0.1 percentage points to 62.1 percent — the lowest level of the year.""
Jean-Pierre responded, ""So it actually ticked up for prime-age workers, when you look at 25 to 54, and for workers 65 and plus. The tick down this month was actually about teenagers. And it’s important to keep in mind that the labor force participation rate has bounced back relatively quickly compared to its pace in the past. So we have seen an uptick in the labor force."""
www.theblaze.com,climate,2022,7,Unreliable,"A Biden administration plan to roll out new ESG rules may have been jeopardized after the U.S. Supreme Court limited the Environmental Protection Agency's regulatory powers Thursday.
Legal experts say that the court's 6-3 ruling that the EPA cannot regulate power plant emissions without congressional authority has far-reaching implications for President Joe Biden's climate change initiatives, including major new rules being developed by federal agencies.
One such rule is a proposed regulation from the Securities and Exchange Commission to force companies to disclose their carbon emissions. That controversial rule is related to the Great Reset movement's push for environmental, social, and governance scores — ESG scores — that signal to financial investors which companies are committed to fighting climate change or embracing left-wing causes.
The SEC's climate disclosure rule would require registered companies ""to provide certain climate-related information in their registration statements and annual reports."" If the rule is enacted, companies would have to disclose their greenhouse gas emissions, which could then become a factor that would negatively impact a company's ESG score.
However, the Supreme Court's reasoning in West Virginia v. Environmental Protection Agency, particularly surrounding the ""major questions"" legal doctrine, brings into question the SEC's authority to implement climate rules, according to legal experts.
John Pendergrass, vice president for programs and publications at the Environmental Law Institute, a D.C.-based nonprofit, told Financial Advisor the court's EPA ruling makes it unclear that the SEC's proposed rule is legal.
“Although the court’s decision in West Virginia v. EPA doesn’t directly affect the SEC climate disclosure rule, it certainly suggests the SEC, as well as every other agency, needs to emphasize the clear statutory basis for any new rule,"" Pendergrass said.
Under the ""major questions"" doctrine, an executive branch agency must have clear statutory authorization from Congress before it can regulate issues that have a broad impact on society. Chief Justice John Roberts cited this doctrine in his majority opinion finding that the EPA did not have the power to require coal-based power plants to switch to fossil fuel alternatives.
""The basis for the decision is essentially applicable across all the regulatory agencies, and we'd expect many actions by the SEC and other financial federal regulators to quickly become bullseyes for corporate America,"" Dennis Kelleher, CEO of Better Markets, told Reuters. He said the SEC's proposed rule was ""an obvious potential early target"" for further legal challenges after the EPA decision.
Still, some believe it is within the SEC's power to require companies to disclose emissions information.
But since the proposed disclosure rules are still related to financial information, Oriola said the Supreme Court would defer to the SEC's interpretation of its own regulatory authority under the ""Chevron deference"" legal doctrine. Congress ""gave the agency authority to promulgate disclosure requirements that are 'necessary or appropriate in the public interest or for the protection of investors,’” Oriola said.
This view was shared by climate change activists and shareholder advocates. ""We do not think yesterday’s SCOTUS rule on EPA Clean Air Act will have an impact on any court challenge to the SEC proposed rule on climate disclosure,” said Andrew Behar, CEO of As You Sow, a California-based shareholder advocacy group that promotes ""environmental and social corporate responsibility.""
“The new SEC rule that will require corporate disclosure be accurate, verified, and included in the audit is the most basic requirement of good governance and commerce. It simply ensures trust between companies and their shareowners,” Behar said.
However, opponents of the SEC's rule are expected to cite the Supreme Court's EPA decision in their legal challenges.
“Even before, it was clear that the SEC might have had a difficult time escaping judicial skepticism about the scope of agency authority to act in the climate area,” Howard Fischer, a partner at Moses & Singer and former SEC attorney, told Reuters. “The SEC’s argument that climate risk is finance risk is not likely to find a sympathetic ear at the Supreme Court.""",3,,,,,,,"A Biden administration plan to roll out new ESG rules may have been jeopardized after the U.S. Supreme Court limited the Environmental Protection Agency's regulatory powers Thursday.
Legal experts say that the court's 6-3 ruling that the EPA cannot regulate power plant emissions without congressional authority has far-reaching implications for President Joe Biden's climate change initiatives, including major new rules being developed by federal agencies.
One such rule is a proposed regulation from the Securities and Exchange Commission to force companies to disclose their carbon emissions. That controversial rule is related to the Great Reset movement's push for environmental, social, and governance scores — ESG scores — that signal to financial investors which companies are committed to fighting climate change or embracing left-wing causes.
The SEC's climate disclosure rule would require registered companies ""to provide certain climate-related information in their registration statements and annual reports."" If the rule is enacted, companies would have to disclose their greenhouse gas emissions, which could then become a factor that would negatively impact a company's ESG score.
However, the Supreme Court's reasoning in West Virginia v. Environmental Protection Agency, particularly surrounding the ""major questions"" legal doctrine, brings into question the SEC's authority to implement climate rules, according to legal experts.
John Pendergrass, vice president for programs and publications at the Environmental Law Institute, a D.C.-based nonprofit, told Financial Advisor the court's EPA ruling makes it unclear that the SEC's proposed rule is legal.
“Although the court’s decision in West Virginia v. EPA doesn’t directly affect the SEC climate disclosure rule, it certainly suggests the SEC, as well as every other agency, needs to emphasize the clear statutory basis for any new rule,"" Pendergrass said.
Under the ""major questions"" doctrine, an executive branch agency must have clear statutory authorization from Congress before it can regulate issues that have a broad impact on society. Chief Justice John Roberts cited this doctrine in his majority opinion finding that the EPA did not have the power to require coal-based power plants to switch to fossil fuel alternatives.
""The basis for the decision is essentially applicable across all the regulatory agencies, and we'd expect many actions by the SEC and other financial federal regulators to quickly become bullseyes for corporate America,"" Dennis Kelleher, CEO of Better Markets, told Reuters. He said the SEC's proposed rule was ""an obvious potential early target"" for further legal challenges after the EPA decision.
Still, some believe it is within the SEC's power to require companies to disclose emissions information.
But since the proposed disclosure rules are still related to financial information, Oriola said the Supreme Court would defer to the SEC's interpretation of its own regulatory authority under the ""Chevron deference"" legal doctrine. Congress ""gave the agency authority to promulgate disclosure requirements that are 'necessary or appropriate in the public interest or for the protection of investors,’” Oriola said.
This view was shared by climate change activists and shareholder advocates. ""We do not think yesterday’s SCOTUS rule on EPA Clean Air Act will have an impact on any court challenge to the SEC proposed rule on climate disclosure,” said Andrew Behar, CEO of As You Sow, a California-based shareholder advocacy group that promotes ""environmental and social corporate responsibility.""
“The new SEC rule that will require corporate disclosure be accurate, verified, and included in the audit is the most basic requirement of good governance and commerce. It simply ensures trust between companies and their shareowners,” Behar said.
However, opponents of the SEC's rule are expected to cite the Supreme Court's EPA decision in their legal challenges.
“Even before, it was clear that the SEC might have had a difficult time escaping judicial skepticism about the scope of agency authority to act in the climate area,” Howard Fischer, a partner at Moses & Singer and former SEC attorney, told Reuters. “The SEC’s argument that climate risk is finance risk is not likely to find a sympathetic ear at the Supreme Court."""
www.theblaze.com,climate,2021,3,Unreliable,"Climate scientists said that the pandemic lockdown has led to a historic decrease in CO2 emissions, but added that the equivalent of a lockdown every two years would be needed to fulfill the Paris climate agreement.
The study, which was published in Nature Climate Change, reported that carbon emissions had fallen by about 7% in 2020 from the previous year, a historic drop of 2.6 billion metric tons.
However, the scientists calculated that in order to meet the goals set by the Paris Agreement, the same drop of carbon emissions would be needed every two years, the equivalent of a lockdown in the same period.
The scientists did not recommend lockdowns every two years, but only that policy changes on the scale of a lockdown were necessary.
""We have failed to understand in the past that we can't have tackling climate change as a side issue. It can't be about one law or policy, it has to be put at the heart of all policy,"" said Corinne Le Quéré, the lead author of the study. ""Every strategy and every plan from every government must be consistent with tackling climate change.""
The United States pulled out of the Paris Agreement in 2019 under the direction of former President Donald Trump. Critics of the climate agreement have noted that the goals of the pact appear to unfairly target the United States while allowing for other nations to pollute with few regulations.
""President Trump made the decision to withdraw from the Paris Agreement because of the unfair economic burden imposed on American workers, businesses, and taxpayers by U.S. pledges made under the Agreement,"" said Mike Pompeo, who served as Secretary of State at the time.
The United States rejoined the Paris Agreement in February under President Joe Biden, who had promised to do so during the 2020 presidential campaign.",3,,,,,,,"Climate scientists said that the pandemic lockdown has led to a historic decrease in CO2 emissions, but added that the equivalent of a lockdown every two years would be needed to fulfill the Paris climate agreement.
The study, which was published in Nature Climate Change, reported that carbon emissions had fallen by about 7% in 2020 from the previous year, a historic drop of 2.6 billion metric tons.
However, the scientists calculated that in order to meet the goals set by the Paris Agreement, the same drop of carbon emissions would be needed every two years, the equivalent of a lockdown in the same period.
The scientists did not recommend lockdowns every two years, but only that policy changes on the scale of a lockdown were necessary.
""We have failed to understand in the past that we can't have tackling climate change as a side issue. It can't be about one law or policy, it has to be put at the heart of all policy,"" said Corinne Le Quéré, the lead author of the study. ""Every strategy and every plan from every government must be consistent with tackling climate change.""
The United States pulled out of the Paris Agreement in 2019 under the direction of former President Donald Trump. Critics of the climate agreement have noted that the goals of the pact appear to unfairly target the United States while allowing for other nations to pollute with few regulations.
""President Trump made the decision to withdraw from the Paris Agreement because of the unfair economic burden imposed on American workers, businesses, and taxpayers by U.S. pledges made under the Agreement,"" said Mike Pompeo, who served as Secretary of State at the time.
The United States rejoined the Paris Agreement in February under President Joe Biden, who had promised to do so during the 2020 presidential campaign."
www.cnn.com,health,2020,12,Reliable,"The first coronavirus vaccines are out – delivered by FedEx and UPS to hospitals across the country and into the arms of health care workers in hospitals in large cities such as New York and Washington, DC.
Boxes filled with dry ice and vaccine have been delivered to Kentucky and Louisiana, Michigan and Arizona.
It almost sounds as if people will be lining up everywhere before New Year’s to get a vaccine.
But while millions of health care workers and residents of nursing homes may get immunized against the virus before the end of the year, the rest of the population is going to have to wait for months.
Healthy adults under the age of 65 and children may well have to wait until late spring or even the summer, depending on how many vaccines get approved, how quickly they can be manufactured and distributed, and how the debate goes over allocation.
Here’s a look at what to expect from the coming coronavirus vaccination campaign.
Who can get a vaccine and when?
December is a month for some big decisions. The US Centers for Disease Control and Prevention’s Advisory Committee for Immunization Practices has voted to recommend that 21 million frontline health care workers and support staff and 3 million residents of long-term care facilities who have been hardest hit by the pandemic be in the first group.
It will be easiest to vaccinate these groups – they’re already in institutional settings and the nursing home residents can get vaccinated at the same time their caregivers are being immunized.
This decision is being made even before the US Food and Drug Administration has authorized a vaccine. The FDA has scheduled a meeting of its vaccine advisers – the Vaccines and Related Biological Products Advisory Committee – for December 10 to consider emergency use authorization for Pfizer and BioNTech’s Covid-19 vaccine, and another meeting on December 17 to discuss Moderna’s vaccine.
The FDA has promised to consider the committee’s advice before deciding on any vaccine. The committee is made up of outside experts who do not have a stake in any of the companies making coronavirus vaccines and who are independent of the federal government.
FDA officials say their decisions on the vaccines could come days to weeks after the meetings – it depends on what questions come up.
But in the fastest scenario, the FDA could give emergency use authorization (EUA) as soon as next week for Pfizer’s vaccine, and the federal government’s Operation Warp Speed has promised to start delivering vaccines within 24 hours after that.
Potentially, the same thing could happen the following week with Moderna’s vaccine.
Pfizer and Moderna started making vaccine even while they were still testing it and between them plan to have 40 million doses for the US market by the end of December. Each vaccine needs two doses, given three to four weeks apart.
If two or more vaccines get approved by the FDA, January might be when discussion really starts on who can get vaccinated and when.
Dr. Larry Corey of the University of Washington, who is heading up coronavirus vaccine clinical trials in the US, has said if both Pfizer and Modern get vaccines authorized, they could supply 50 million more doses in January and 60 million more in February and March.
That adds up to 150 million doses – enough to fully vaccinate 75 million people.
But there are way more people than that just in the groups tagged as priority groups in the US. The CDC estimates there are 21 million health care personnel, 3 million long-term care residents, 87 million essential workers, 100 million adults with high risk medical conditions and 53 million others 65 and older.
Several groups of independent experts have weighed in on how to allocate vaccines, including the National Academies of Science, Engineering and Medicine and Johns Hopkins University.
They’ve all laid out basic principles that include protecting the country’s health care system, protecting the most vulnerable people, controlling the spread of the virus and being equitable across society.
ACIP will need to meet to decide on the details off all these phases.
January might include some of the rest of Phase 1 of a four-phase vaccine rollout.
Phase 1b is roughed out to include essential workers, including emergency medical technicians, as well as frontline workers at very high risk of infection, such as food workers. This phase may also include older adults living in congregate settings or crowded conditions.
There’s a also a proposed Phase 1c, which might include people of all ages with underlying conditions such as diabetes and kidney disease who are at significantly higher risk of dying or getting severely ill from Covid-19.
By February, states may have hit their stride on vaccinating residents. Vaccination campaigns may move beyond hospitals and nursing homes, rehabilitation centers and other such facilities to pharmacies and medical practices.
More vaccines may be authorized or at least ready for authorization by January or February. It’s clear that Moderna and Pfizer alone cannot cover the US population. AstraZeneca, Johnson & Johnson and Novavax all have vaccines in Phase 3 trials, the last stage before seeking authorization or approval.
AstraZeneca is likely to seek US approval by January. Johnson & Johnson has said it will have efficacy data by January or February. Novavax is a little farther behind, but all of these companies will also be producing vaccines while testing goes on and might be adding to the count.
It’s possible that the US will still be in Phase 1 of vaccination in March, simply because of the sheer numbers involved. Anyone healthy and under 65 who is not an essential or high-risk worker would not be thinking about vaccination yet.
If more vaccines have been approved and brought online, it’s possible Phase 2 of vaccination could begin by now.
This group has not been decided yet, but Phase 2 might include K-12 teachers and staff and other child care workers, as well as other critical workers such as retail workers and transportation workers. This group could also include people in homeless shelters and all people over 65 who were not already included in phase 1.
Dr. Anthony Fauci, director of the National Institute of Allergy and Infectious Diseases, has a rosier forecast.
“I had been saying by my calculation, sometime by the end of March, the beginning of April that the normal healthy man and woman in the street, who has no underlying conditions, would likely get it,” Fauci told MSNBC on December 14, the day the first vaccines rolled out.
Young adults and children would have to wait until Phase 3 and under other scenarios that’s likely to be May at the soonest – perhaps June or later, depending on what ACIP decides, what the vaccine supply looks like and how smoothly distribution is going.
How much will it cost me?
The federal government has promised that any coronavirus vaccine will be provided free of charge to the American public. That would be very unlikely to change under a Biden administration. The federal government has paid $7.76 billion upfront to four companies alone for their vaccines; Pfizer, Moderna, AstraZeneca and Novavax, and tens of millions more upfront or in options to three other companies to guarantee they can develop coronavirus vaccines.
“We’ve paid for the vaccines, we paid for the shipping costs, and the administration costs … will be covered by healthcare payers, private insurance, Medicare, Medicaid, and our program to cover Covid-19 expenses for the uninsured,” Azar said December 3.
Where will I get it?
Hospital and health care workers will get the vaccine at their workplaces. They’re already set up to deliver vaccines. So will nursing home and long-term care facility residents and, when the time comes, residents of other congregate facilities such as assisted living and senior living homes. Pharmacy chains and big-box stores are also gearing up to deliver vaccines – think any place people normally get flu shots, including grocery store pharmacies and, of course, physician offices. School clinics may also be considered, especially in states where community clinics have been installed in schools.
Can it make me sick?
People who have tested out the Pfizer and Moderna vaccines have reported they can sometimes have a kick – causing soreness at the injection site and maybe a feeling of general malaise for a day or so. Vaccine experts say that’s a sign the vaccine is working, causing the immune system to rev up and generate a response.
There’s not much information about the other vaccines but AstraZeneca, after two scares, says it has recorded no serious side-effects among its volunteers. The FDA and companies will have extensive systems for reporting side-effects.
But none of the vaccines being tested for the US market uses even a piece of the real coronavirus, so there is no way they could give you a coronavirus infection.
Which vaccine should I get?
At first there will be little choice – both Pfizer and Moderna are providing a new type of immunization called an mRNA vaccine. It’s considered especially safe because it does not use a whole virus – just a piece of genetic material – and both seem especially effective, providing 95% protection against symptomatic disease.
What’s not known is how long that protection might last, whether either vaccine protects against asymptomatic disease and whether either stops people from spreading the virus to others.
Vaccines coming later might offer harder choices. AstraZeneca’s vaccine uses what’s called a replication deficient virus to deliver a piece of genetic material from the coronavirus. So does Johnson & Johnson’s vaccine. There’s not a lot of safety data about these vaccines yet, and no evidence the viral vectors could be harmful. Nonetheless, some doctors may be reluctant to offer them to patients with compromised immune systems, including those with rheumatoid arthritis or multiple sclerosis who are taking immune-suppressing drugs; pregnant women; people taking certain cancer treatments and others.
What hiccups might get in the way?
Get CNN Health's weekly newsletter Sign up here to get The Results Are In with Dr. Sanjay Gupta every Tuesday from the CNN Health team.
All these plans assume the states, which are in charge of distributing vaccines, get some money to do it. So far, Congress has not allocated any money for vaccine distribution. Senate Minority Leader Chuck Schumer, a New York Democrat, has estimated the states need $30 billion to get vaccine distribution plans into place.
And a US Government Accountability Office report issued in November found bottlenecks in the vaccine manufacturing process – not necessarily for the vaccines themselves, but for the vials and the other equipment needed to get vaccines into arms. US vaccine manufacturing has languished in recent decades, plus the pandemic itself has hurt the industry, the GAO found.",5,,,,,,,"The first coronavirus vaccines are out – delivered by FedEx and UPS to hospitals across the country and into the arms of health care workers in hospitals in large cities such as New York and Washington, DC.
Boxes filled with dry ice and vaccine have been delivered to Kentucky and Louisiana, Michigan and Arizona.
It almost sounds as if people will be lining up everywhere before New Year’s to get a vaccine.
But while millions of health care workers and residents of nursing homes may get immunized against the virus before the end of the year, the rest of the population is going to have to wait for months.
Healthy adults under the age of 65 and children may well have to wait until late spring or even the summer, depending on how many vaccines get approved, how quickly they can be manufactured and distributed, and how the debate goes over allocation.
Here’s a look at what to expect from the coming coronavirus vaccination campaign.
Who can get a vaccine and when?
December is a month for some big decisions. The US Centers for Disease Control and Prevention’s Advisory Committee for Immunization Practices has voted to recommend that 21 million frontline health care workers and support staff and 3 million residents of long-term care facilities who have been hardest hit by the pandemic be in the first group.
It will be easiest to vaccinate these groups – they’re already in institutional settings and the nursing home residents can get vaccinated at the same time their caregivers are being immunized.
This decision is being made even before the US Food and Drug Administration has authorized a vaccine. The FDA has scheduled a meeting of its vaccine advisers – the Vaccines and Related Biological Products Advisory Committee – for December 10 to consider emergency use authorization for Pfizer and BioNTech’s Covid-19 vaccine, and another meeting on December 17 to discuss Moderna’s vaccine.
The FDA has promised to consider the committee’s advice before deciding on any vaccine. The committee is made up of outside experts who do not have a stake in any of the companies making coronavirus vaccines and who are independent of the federal government.
FDA officials say their decisions on the vaccines could come days to weeks after the meetings – it depends on what questions come up.
But in the fastest scenario, the FDA could give emergency use authorization (EUA) as soon as next week for Pfizer’s vaccine, and the federal government’s Operation Warp Speed has promised to start delivering vaccines within 24 hours after that.
Potentially, the same thing could happen the following week with Moderna’s vaccine.
Pfizer and Moderna started making vaccine even while they were still testing it and between them plan to have 40 million doses for the US market by the end of December. Each vaccine needs two doses, given three to four weeks apart.
If two or more vaccines get approved by the FDA, January might be when discussion really starts on who can get vaccinated and when.
Dr. Larry Corey of the University of Washington, who is heading up coronavirus vaccine clinical trials in the US, has said if both Pfizer and Modern get vaccines authorized, they could supply 50 million more doses in January and 60 million more in February and March.
That adds up to 150 million doses – enough to fully vaccinate 75 million people.
But there are way more people than that just in the groups tagged as priority groups in the US. The CDC estimates there are 21 million health care personnel, 3 million long-term care residents, 87 million essential workers, 100 million adults with high risk medical conditions and 53 million others 65 and older.
Several groups of independent experts have weighed in on how to allocate vaccines, including the National Academies of Science, Engineering and Medicine and Johns Hopkins University.
They’ve all laid out basic principles that include protecting the country’s health care system, protecting the most vulnerable people, controlling the spread of the virus and being equitable across society.
ACIP will need to meet to decide on the details off all these phases.
January might include some of the rest of Phase 1 of a four-phase vaccine rollout.
Phase 1b is roughed out to include essential workers, including emergency medical technicians, as well as frontline workers at very high risk of infection, such as food workers. This phase may also include older adults living in congregate settings or crowded conditions.
There’s a also a proposed Phase 1c, which might include people of all ages with underlying conditions such as diabetes and kidney disease who are at significantly higher risk of dying or getting severely ill from Covid-19.
By February, states may have hit their stride on vaccinating residents. Vaccination campaigns may move beyond hospitals and nursing homes, rehabilitation centers and other such facilities to pharmacies and medical practices.
More vaccines may be authorized or at least ready for authorization by January or February. It’s clear that Moderna and Pfizer alone cannot cover the US population. AstraZeneca, Johnson & Johnson and Novavax all have vaccines in Phase 3 trials, the last stage before seeking authorization or approval.
AstraZeneca is likely to seek US approval by January. Johnson & Johnson has said it will have efficacy data by January or February. Novavax is a little farther behind, but all of these companies will also be producing vaccines while testing goes on and might be adding to the count.
It’s possible that the US will still be in Phase 1 of vaccination in March, simply because of the sheer numbers involved. Anyone healthy and under 65 who is not an essential or high-risk worker would not be thinking about vaccination yet.
If more vaccines have been approved and brought online, it’s possible Phase 2 of vaccination could begin by now.
This group has not been decided yet, but Phase 2 might include K-12 teachers and staff and other child care workers, as well as other critical workers such as retail workers and transportation workers. This group could also include people in homeless shelters and all people over 65 who were not already included in phase 1.
Dr. Anthony Fauci, director of the National Institute of Allergy and Infectious Diseases, has a rosier forecast.
“I had been saying by my calculation, sometime by the end of March, the beginning of April that the normal healthy man and woman in the street, who has no underlying conditions, would likely get it,” Fauci told MSNBC on December 14, the day the first vaccines rolled out.
Young adults and children would have to wait until Phase 3 and under other scenarios that’s likely to be May at the soonest – perhaps June or later, depending on what ACIP decides, what the vaccine supply looks like and how smoothly distribution is going.
How much will it cost me?
The federal government has promised that any coronavirus vaccine will be provided free of charge to the American public. That would be very unlikely to change under a Biden administration. The federal government has paid $7.76 billion upfront to four companies alone for their vaccines; Pfizer, Moderna, AstraZeneca and Novavax, and tens of millions more upfront or in options to three other companies to guarantee they can develop coronavirus vaccines.
“We’ve paid for the vaccines, we paid for the shipping costs, and the administration costs … will be covered by healthcare payers, private insurance, Medicare, Medicaid, and our program to cover Covid-19 expenses for the uninsured,” Azar said December 3.
Where will I get it?
Hospital and health care workers will get the vaccine at their workplaces. They’re already set up to deliver vaccines. So will nursing home and long-term care facility residents and, when the time comes, residents of other congregate facilities such as assisted living and senior living homes. Pharmacy chains and big-box stores are also gearing up to deliver vaccines – think any place people normally get flu shots, including grocery store pharmacies and, of course, physician offices. School clinics may also be considered, especially in states where community clinics have been installed in schools.
Can it make me sick?
People who have tested out the Pfizer and Moderna vaccines have reported they can sometimes have a kick – causing soreness at the injection site and maybe a feeling of general malaise for a day or so. Vaccine experts say that’s a sign the vaccine is working, causing the immune system to rev up and generate a response.
There’s not much information about the other vaccines but AstraZeneca, after two scares, says it has recorded no serious side-effects among its volunteers. The FDA and companies will have extensive systems for reporting side-effects.
But none of the vaccines being tested for the US market uses even a piece of the real coronavirus, so there is no way they could give you a coronavirus infection.
Which vaccine should I get?
At first there will be little choice – both Pfizer and Moderna are providing a new type of immunization called an mRNA vaccine. It’s considered especially safe because it does not use a whole virus – just a piece of genetic material – and both seem especially effective, providing 95% protection against symptomatic disease.
What’s not known is how long that protection might last, whether either vaccine protects against asymptomatic disease and whether either stops people from spreading the virus to others.
Vaccines coming later might offer harder choices. AstraZeneca’s vaccine uses what’s called a replication deficient virus to deliver a piece of genetic material from the coronavirus. So does Johnson & Johnson’s vaccine. There’s not a lot of safety data about these vaccines yet, and no evidence the viral vectors could be harmful. Nonetheless, some doctors may be reluctant to offer them to patients with compromised immune systems, including those with rheumatoid arthritis or multiple sclerosis who are taking immune-suppressing drugs; pregnant women; people taking certain cancer treatments and others.
What hiccups might get in the way?
Get CNN Health's weekly newsletter Sign up here to get The Results Are In with Dr. Sanjay Gupta every Tuesday from the CNN Health team.
All these plans assume the states, which are in charge of distributing vaccines, get some money to do it. So far, Congress has not allocated any money for vaccine distribution. Senate Minority Leader Chuck Schumer, a New York Democrat, has estimated the states need $30 billion to get vaccine distribution plans into place.
And a US Government Accountability Office report issued in November found bottlenecks in the vaccine manufacturing process – not necessarily for the vaccines themselves, but for the vials and the other equipment needed to get vaccines into arms. US vaccine manufacturing has languished in recent decades, plus the pandemic itself has hurt the industry, the GAO found."
www.rt.com,politics,2021,11,Unreliable,"The number of asylum applications to the UK has reached the highest levels in almost two decades, figures released by the Home Office show, amid a surge in illegal crossings of the English Channel.
The number of claims reached 37,562 in the year to September, which is the highest total since 2004, the figures show.
That is an 18% jump on the previous year and even more than at the peak of the European migration crisis in the year ending June 2016, when 36,546 applications were received.
“The increase in applications is likely linked in part, to the easing of global travel restrictions that were in place due to the Covid-19 pandemic, and to an increase in small boat arrivals to the UK,” a Home Office spokesperson said, as quoted by Press Association.
Iranians were the top nationality claiming asylum every year since 2016. It was followed by Eritrea and Albania in the year ending September 2021. The number of applications from Taliban-controlled Afghanistan increased by almost 40% in the year to September.
The numbers have prompted anger in light of the death of 27 migrants who were trying to cross the Channel from Calais to reach the UK on Wednesday.
The Home Office said it offered protection, in the form of asylum, humanitarian protection or alternative forms of leave and resettlement, to 13,210 people, including dependants, in the year to September.
“A significant proportion of asylum claims in the last year should have been made in a first safe country, rather than people risking their lives making dangerous crossings, facilitated by people smugglers. Yesterday’s tragedy serves as the starkest possible reminder of the dangers of this,” the spokesperson said.
French authorities have blamed the British labour market for being “too attractive” to illegal migrants, while the UK government claims that France does not do enough to prevent the migrants from embarking on dangerous trips.
According to the British media, almost 26,000 people have crossed the Channel this year, which is already three times higher than the number of crossings registered in 2020.",3,,,,,,,"The number of asylum applications to the UK has reached the highest levels in almost two decades, figures released by the Home Office show, amid a surge in illegal crossings of the English Channel.
The number of claims reached 37,562 in the year to September, which is the highest total since 2004, the figures show.
That is an 18% jump on the previous year and even more than at the peak of the European migration crisis in the year ending June 2016, when 36,546 applications were received.
“The increase in applications is likely linked in part, to the easing of global travel restrictions that were in place due to the Covid-19 pandemic, and to an increase in small boat arrivals to the UK,” a Home Office spokesperson said, as quoted by Press Association.
Iranians were the top nationality claiming asylum every year since 2016. It was followed by Eritrea and Albania in the year ending September 2021. The number of applications from Taliban-controlled Afghanistan increased by almost 40% in the year to September.
The numbers have prompted anger in light of the death of 27 migrants who were trying to cross the Channel from Calais to reach the UK on Wednesday.
The Home Office said it offered protection, in the form of asylum, humanitarian protection or alternative forms of leave and resettlement, to 13,210 people, including dependants, in the year to September.
“A significant proportion of asylum claims in the last year should have been made in a first safe country, rather than people risking their lives making dangerous crossings, facilitated by people smugglers. Yesterday’s tragedy serves as the starkest possible reminder of the dangers of this,” the spokesperson said.
French authorities have blamed the British labour market for being “too attractive” to illegal migrants, while the UK government claims that France does not do enough to prevent the migrants from embarking on dangerous trips.
According to the British media, almost 26,000 people have crossed the Channel this year, which is already three times higher than the number of crossings registered in 2020."
www.rt.com,economics,2020,11,Unreliable,"The Indian economy is expected to grow 8.5 percent in the 2022 fiscal year, according to Barclays. The firm has raised its earlier projection of seven percent, saying the country will “return to normal” faster than expected.
The upward correction comes as the coronavirus curve in the world’s second-most populous nation begins to flatten. Confirmed coronavirus cases in the country have exceeded nine million, but the number of new daily cases has fallen since a peak in mid-September.
“The prospect of an effective vaccine in the near future and high serum prevalence of antibodies across the population support the case for a more durable economic recovery,” Barclays said in a note seen by the Economic Times.
The country’s GDP forecast for the current fiscal year has been revised, however, down to negative 6.4 percent from negative six percent. Barclays expects GDP to fall by 8.5 percent in the second quarter of the current fiscal year, almost in line with the Indian central bank’s forecast.
Last week, the Reserve Bank of India (RBI) projected the nation’s GDP to contract by 8.6 percent in the July-September quarter, implying the country was likely to have entered a technical recession in the first half of the year for the first time in its history.
Barclays’ projections were echoed by Morgan Stanley, which has said the Indian economy will see strong growth by April next year. “We maintain a constructive view on the economy and expect the growth recovery to gain strength from 2Q21,” Morgan Stanley’s 2021 Global Macro Outlook report said, noting that the growth would be accompanied by inflation under control.",3,,,,,,,"The Indian economy is expected to grow 8.5 percent in the 2022 fiscal year, according to Barclays. The firm has raised its earlier projection of seven percent, saying the country will “return to normal” faster than expected.
The upward correction comes as the coronavirus curve in the world’s second-most populous nation begins to flatten. Confirmed coronavirus cases in the country have exceeded nine million, but the number of new daily cases has fallen since a peak in mid-September.
“The prospect of an effective vaccine in the near future and high serum prevalence of antibodies across the population support the case for a more durable economic recovery,” Barclays said in a note seen by the Economic Times.
The country’s GDP forecast for the current fiscal year has been revised, however, down to negative 6.4 percent from negative six percent. Barclays expects GDP to fall by 8.5 percent in the second quarter of the current fiscal year, almost in line with the Indian central bank’s forecast.
Last week, the Reserve Bank of India (RBI) projected the nation’s GDP to contract by 8.6 percent in the July-September quarter, implying the country was likely to have entered a technical recession in the first half of the year for the first time in its history.
Barclays’ projections were echoed by Morgan Stanley, which has said the Indian economy will see strong growth by April next year. “We maintain a constructive view on the economy and expect the growth recovery to gain strength from 2Q21,” Morgan Stanley’s 2021 Global Macro Outlook report said, noting that the growth would be accompanied by inflation under control."
www.bbc.com,health,2020,4,Reliable,"Spain has recorded another 864 deaths related to coronavirus, the highest in one day, as the total number of deaths across Europe has gone beyond 30,000.
More than 9,000 people have died in Spain, which is second only to Italy in fatalities caused by the virus.
Confirmed cases in the country have passed 100,000, but numbers show the infection rate continues to fall.
UN Secretary General António Guterres said the pandemic was the world's biggest challenge since World War Two.
The warning comes amid dire predictions about the possible economic impact of measures imposed to fight the virus. A UN report estimates that up to 25 million jobs could be lost around the world as the result of the outbreak.
The number of confirmed cases globally is now over 870,000, with more than 43,000 deaths, according to data compiled by Johns Hopkins University in the US.
Wednesday's number of deaths in Spain was marginally higher than the 849 announced the day before, and the country has now seen more than 800 deaths for five days in a row. But health officials believe the latest 12% increase in daily infections is further evidence that the rate has stabilised.
Spain has been in lockdown for over two weeks, with further restrictions on movement introduced two days ago. But health services in the hardest-hit areas, including Madrid and Catalonia, are still struggling, with shortages of medical equipment a particular problem.
Italy remains the worst-affected country, with a total of 105,792 confirmed cases and 13,155 deaths. Spain has 102,136 cases and 9,053 deaths. However, Italy has seen the daily rise in infection rates fall to less than 3%, well down on a few days ago.
The number of deaths in the US has now topped 4,000, and Iran says Covid-19 - the disease caused by coronavirus - has claimed 3,000 lives. Belgium said more than half its intensive care beds were occupied as it reported a rise of 123 deaths, bringing the country's death toll to 828.
Meanwhile France reported 509 deaths from Coronavirus in the last 24 hours, bringing the total to 4,032. It is the fourth country to record more than 4,000 fatalities after Italy, Spain and the US. The total number of confirmed cases is now 56,989, up about 9% from Tuesday.
The UK on Wednesday recorded 563 deaths in 24 hours - it is the first time its daily toll has been higher than France's. However Britain's overall death toll, 2,352, is still lower.
What did Mr Guterres say?
Speaking at the UN headquarters in New York Mr Guterres said: ""The new coronavirus disease is attacking societies at their core, claiming lives and people's livelihoods"".
He said it could bring a recession ""that probably has no parallel in the recent past"".
""Covid-19 is the greatest test that we have faced together since the formation of the United Nations,"" he said, calling for ""an immediate co-ordinated health response to suppress transmission and end the pandemic"".
Mr Guterres urged industrialised nations to help those less developed, or potentially ""face the nightmare of the disease spreading like wildfire"".
African finance ministers have appealed for $100bn (£80bn) in emergency financing, with debt relief from the International Monetary Fund, World Bank and European Union.
Manufacturing output in the UK in March hit its lowest point since 2012, and unemployment in Austria has soared 52.5% on March last year to its highest level since 1946. The crisis has not yet filtered through to Italian job levels with unemployment in February slightly down at 9.7%.
What are the latest developments around the world?
In the US, 865 people have died in the past 24 hours and in all more than 189,000 have been infected, Johns Hopkins reports.
President Donald Trump warned of ""a very, very painful two weeks"", as modelling by the White House's coronavirus task force estimated that between 100,000 and 240,000 people could die in the coming months.
What lessons should world learn from outbreak?
The coronavirus pandemic is stress-testing all institutions - national and global - and many are struggling to perform effectively in almost unprecedented circumstances.
There is an unseemly competition for scarce medical equipment. But experts at the Rusi think-tank in London are already looking to the future.
They argue the world needs a whole new kind of institution to deal with so-called ""black sky hazards"" - natural or man-made disasters that are of such a scale that they disrupt the whole global system of interdependent supply chains on which human life depends.
The authors, Karin von Hippel and Randolph Kent, say there is no current organisation to coordinate the sharing of information and policy options in the way that the World Health Organization covers public health.
They suggest a new body established by the UN, but not part of it, to provide a forum for promoting discourse and solutions for ever more entangled problems of global consequence. The aim, clearly, is to be better prepared next time.",3,,,,,,,"Spain has recorded another 864 deaths related to coronavirus, the highest in one day, as the total number of deaths across Europe has gone beyond 30,000.
More than 9,000 people have died in Spain, which is second only to Italy in fatalities caused by the virus.
Confirmed cases in the country have passed 100,000, but numbers show the infection rate continues to fall.
UN Secretary General António Guterres said the pandemic was the world's biggest challenge since World War Two.
The warning comes amid dire predictions about the possible economic impact of measures imposed to fight the virus. A UN report estimates that up to 25 million jobs could be lost around the world as the result of the outbreak.
The number of confirmed cases globally is now over 870,000, with more than 43,000 deaths, according to data compiled by Johns Hopkins University in the US.
Wednesday's number of deaths in Spain was marginally higher than the 849 announced the day before, and the country has now seen more than 800 deaths for five days in a row. But health officials believe the latest 12% increase in daily infections is further evidence that the rate has stabilised.
Spain has been in lockdown for over two weeks, with further restrictions on movement introduced two days ago. But health services in the hardest-hit areas, including Madrid and Catalonia, are still struggling, with shortages of medical equipment a particular problem.
Italy remains the worst-affected country, with a total of 105,792 confirmed cases and 13,155 deaths. Spain has 102,136 cases and 9,053 deaths. However, Italy has seen the daily rise in infection rates fall to less than 3%, well down on a few days ago.
The number of deaths in the US has now topped 4,000, and Iran says Covid-19 - the disease caused by coronavirus - has claimed 3,000 lives. Belgium said more than half its intensive care beds were occupied as it reported a rise of 123 deaths, bringing the country's death toll to 828.
Meanwhile France reported 509 deaths from Coronavirus in the last 24 hours, bringing the total to 4,032. It is the fourth country to record more than 4,000 fatalities after Italy, Spain and the US. The total number of confirmed cases is now 56,989, up about 9% from Tuesday.
The UK on Wednesday recorded 563 deaths in 24 hours - it is the first time its daily toll has been higher than France's. However Britain's overall death toll, 2,352, is still lower.
What did Mr Guterres say?
Speaking at the UN headquarters in New York Mr Guterres said: ""The new coronavirus disease is attacking societies at their core, claiming lives and people's livelihoods"".
He said it could bring a recession ""that probably has no parallel in the recent past"".
""Covid-19 is the greatest test that we have faced together since the formation of the United Nations,"" he said, calling for ""an immediate co-ordinated health response to suppress transmission and end the pandemic"".
Mr Guterres urged industrialised nations to help those less developed, or potentially ""face the nightmare of the disease spreading like wildfire"".
African finance ministers have appealed for $100bn (£80bn) in emergency financing, with debt relief from the International Monetary Fund, World Bank and European Union.
Manufacturing output in the UK in March hit its lowest point since 2012, and unemployment in Austria has soared 52.5% on March last year to its highest level since 1946. The crisis has not yet filtered through to Italian job levels with unemployment in February slightly down at 9.7%.
What are the latest developments around the world?
In the US, 865 people have died in the past 24 hours and in all more than 189,000 have been infected, Johns Hopkins reports.
President Donald Trump warned of ""a very, very painful two weeks"", as modelling by the White House's coronavirus task force estimated that between 100,000 and 240,000 people could die in the coming months.
What lessons should world learn from outbreak?
The coronavirus pandemic is stress-testing all institutions - national and global - and many are struggling to perform effectively in almost unprecedented circumstances.
There is an unseemly competition for scarce medical equipment. But experts at the Rusi think-tank in London are already looking to the future.
They argue the world needs a whole new kind of institution to deal with so-called ""black sky hazards"" - natural or man-made disasters that are of such a scale that they disrupt the whole global system of interdependent supply chains on which human life depends.
The authors, Karin von Hippel and Randolph Kent, say there is no current organisation to coordinate the sharing of information and policy options in the way that the World Health Organization covers public health.
They suggest a new body established by the UN, but not part of it, to provide a forum for promoting discourse and solutions for ever more entangled problems of global consequence. The aim, clearly, is to be better prepared next time."
www.theblaze.com,health,2022,1,Unreliable,"The NCAA released updated COVID-19 guidance on Thursday for winter sports that recognizes athletes with natural immunity from previous coronavirus infection as equivalent to being ""fully vaccinated."" The new guidance also defines ""fully vaccinated"" as having taken both primary doses of a COVID vaccine as well as a third booster shot.
""The omicron variant has presented another surge of cases across the country,"" NCAA chief medical officer Brian Hainline said. ""This guidance was designed to align with the latest public health directives. Given how the pandemic continues to evolve, it's important that staff on member campuses continue to work with their local and state health officials on protocols most suitable for their locations.""
Under the new winter guidelines, the NCAA COVID-19 Medical Advisory Group defines ""fully vaccinated"" as any person who within two months has completed the primary dose of the Johnson & Johnson vaccine; with five months has completed the primary series of the mRNA Pfizer vaccine; or within six months has completed the primary series of the mRNA Moderna vaccine (two doses for both); and who has received a booster shot after the appropriate time period for each respective vaccine.
""A person who has had a documented COVID-19 infection in the past 90 days is considered the equivalent of 'fully vaccinated,'"" the guidelines also state.
The NCAA has also changed its quarantine and isolation requirements following recent updates from the Centers for Disease Control and Prevention.
People who contract COVID-19 are required to quarantine for just five days after a positive test and may end their isolation if they have no symptoms or symptoms are resolving after that period. After leaving quarantine, a person who tested positive must wear a face mask for another five days. On the sixth day after quarantine ends, student-athletes can fully participate in athletic activities provided they have a negative PCR/NAAT test or antigen test.
This is a significant change in policy that means any athlete, vaccinated or unvaccinated, may play games five days after a positive COVID-19 test as long as they test negative for the virus.
The NCAA said that close contacts of a person who tests positive for COVID-19 do not need to quarantine if they are fully vaccinated or if they have recovered from a recent coronavirus infection but should wear a mask around others for 10 days when not actively training or competing. People will not be required to wear masks during athletic activities.",4,,,,,,,"The NCAA released updated COVID-19 guidance on Thursday for winter sports that recognizes athletes with natural immunity from previous coronavirus infection as equivalent to being ""fully vaccinated."" The new guidance also defines ""fully vaccinated"" as having taken both primary doses of a COVID vaccine as well as a third booster shot.
""The omicron variant has presented another surge of cases across the country,"" NCAA chief medical officer Brian Hainline said. ""This guidance was designed to align with the latest public health directives. Given how the pandemic continues to evolve, it's important that staff on member campuses continue to work with their local and state health officials on protocols most suitable for their locations.""
Under the new winter guidelines, the NCAA COVID-19 Medical Advisory Group defines ""fully vaccinated"" as any person who within two months has completed the primary dose of the Johnson & Johnson vaccine; with five months has completed the primary series of the mRNA Pfizer vaccine; or within six months has completed the primary series of the mRNA Moderna vaccine (two doses for both); and who has received a booster shot after the appropriate time period for each respective vaccine.
""A person who has had a documented COVID-19 infection in the past 90 days is considered the equivalent of 'fully vaccinated,'"" the guidelines also state.
The NCAA has also changed its quarantine and isolation requirements following recent updates from the Centers for Disease Control and Prevention.
People who contract COVID-19 are required to quarantine for just five days after a positive test and may end their isolation if they have no symptoms or symptoms are resolving after that period. After leaving quarantine, a person who tested positive must wear a face mask for another five days. On the sixth day after quarantine ends, student-athletes can fully participate in athletic activities provided they have a negative PCR/NAAT test or antigen test.
This is a significant change in policy that means any athlete, vaccinated or unvaccinated, may play games five days after a positive COVID-19 test as long as they test negative for the virus.
The NCAA said that close contacts of a person who tests positive for COVID-19 do not need to quarantine if they are fully vaccinated or if they have recovered from a recent coronavirus infection but should wear a mask around others for 10 days when not actively training or competing. People will not be required to wear masks during athletic activities."
www.bbc.com,politics,2020,4,Reliable,"Italy has ordered 156 migrants on board a German rescue ship off the western coast of Sicily to be transferred to another vessel and quarantined.
The migrants, mostly from Africa and the Middle East, must then undergo health checks, Italian officials said.
The German rescue vessel, Alan Kurdi, has been refused access to Italian and Maltese ports over coronavirus fears.
Italy's transport ministry said the move was necessary because Sicily's health services were already stretched.
Allowing the migrants to disembark from the Alan Kurdi ship, operated by the German humanitarian group Sea-Eye, would put too much pressure on the island's local authorities, Italy's civil protection chief Angelo Borrelli said.
As of Sunday, Italy as a whole had reported 19,899 coronavirus deaths and more than 156,363 confirmed infections.
The country reported 431 deaths over a 24-hour period - the lowest daily rise in more than three weeks.
Mr Borrelli signed a document on Sunday ordering the Coast Guard, with the assistance of the Italian Red Cross, to provide a ship ""in the next few hours"" to quarantine and test the 156 migrants near Italian territorial waters, local media report.
No decision has been made about the final destination of the migrants, who were rescued from small boats in distress off the Libyan coast, officials said.
Italy has previously said that migrants rescued and brought to its shores become the responsibility of the European Union (EU) and should be fairly distributed among member states.
Sea-Eye has also called on EU leaders to find a more permanent solution to the migrant crisis in the Mediterranean.
Earlier this month, the EU's top court - the European Court of Justice - ruled that Poland, Hungary and the Czech Republic had broken EU law by refusing to take in refugees under an agreement to ease the burden faced by Italy and Greece.
In Greece, a number of migrant facilities were recently quarantined after residents tested positive for coronavirus. Aid groups have warned that an outbreak of Covid-19 at overcrowded camps - where sanitation is poor - could allow the virus to spread quickly.
There have so far been no confirmed cases of the virus in camps on five Greek islands, where roughly half of all EU asylum seekers live.",3,Migration / Covid,Reliable ,OK,,,Jacopo Nudo,"Italy has ordered 156 migrants on board a German rescue ship off the western coast of Sicily to be transferred to another vessel and quarantined.
The migrants, mostly from Africa and the Middle East, must then undergo health checks, Italian officials said.
The German rescue vessel, Alan Kurdi, has been refused access to Italian and Maltese ports over coronavirus fears.
Italy's transport ministry said the move was necessary because Sicily's health services were already stretched.
Allowing the migrants to disembark from the Alan Kurdi ship, operated by the German humanitarian group Sea-Eye, would put too much pressure on the island's local authorities, Italy's civil protection chief Angelo Borrelli said.
As of Sunday, Italy as a whole had reported 19,899 coronavirus deaths and more than 156,363 confirmed infections.
The country reported 431 deaths over a 24-hour period - the lowest daily rise in more than three weeks.
Mr Borrelli signed a document on Sunday ordering the Coast Guard, with the assistance of the Italian Red Cross, to provide a ship ""in the next few hours"" to quarantine and test the 156 migrants near Italian territorial waters, local media report.
No decision has been made about the final destination of the migrants, who were rescued from small boats in distress off the Libyan coast, officials said.
Italy has previously said that migrants rescued and brought to its shores become the responsibility of the European Union (EU) and should be fairly distributed among member states.
Sea-Eye has also called on EU leaders to find a more permanent solution to the migrant crisis in the Mediterranean.
Earlier this month, the EU's top court - the European Court of Justice - ruled that Poland, Hungary and the Czech Republic had broken EU law by refusing to take in refugees under an agreement to ease the burden faced by Italy and Greece.
In Greece, a number of migrant facilities were recently quarantined after residents tested positive for coronavirus. Aid groups have warned that an outbreak of Covid-19 at overcrowded camps - where sanitation is poor - could allow the virus to spread quickly.
There have so far been no confirmed cases of the virus in camps on five Greek islands, where roughly half of all EU asylum seekers live."
www.theblaze.com,politics,2022,4,Unreliable,"The arrests of two illegal alien sex offenders at the U.S.-Mexico border this week once again spotlighted the brokenness of the country's immigration enforcement system under President Joe Biden.
In a news release Tuesday, U.S. Customs and Border Protection announced that agents in the Del Rio Sector apprehended two Mexican nationals for illegally entering the country with past sex abuse convictions — one of whom has been deported a whopping 10 times in the last two years.
Humberto Alvarez-Peralta, 42, was reportedly picked up by agents shortly after crossing the border on April 13. A subsequent biometric background investigation revealed that he had been convicted on a second-degree felony charge of sexual assault of a child in Liberty, Texas, in 1997.
Despite being repeatedly apprehended and removed from the U.S., Alvarez-Peralta continued to re-enter the country seemingly without consequence. He was most recently deported in March 2022, according to the Department of Homeland Security.
Another illegal alien sex offender — 63-year-old Hipolito Hernandez-Acosta — was reportedly apprehended on April 14 shortly after illegally entering the country. During processing, it was revealed that Hernandez-Acosta has a lengthy criminal record that includes a felony conviction for statutory rape in Georgia in 1995.
He, too, had been ordered for removal from the country on three separate occasions.
Under U.S. law, illegal alien convicted felons with prior removals can be prosecuted for re-entry after deportation, a charge that carries a possible sentence of 20 years in prison. However, it appears that federal authorities refrained from taking such an action against Alvarez-Peralta and Hernandez-Acosta until now.
TheBlaze reached out to the Department of Homeland Security seeking answers as to why. This article will be updated if a response is offered.
In its news release, CBP noted that the apprehension of sex offenders at the U.S.-Mexico border has been on the rise of late, especially in the Del Rio Sector.
Earlier in the month, agents arrested two other border-crossers with past sex offense convictions. Prior to that, between October 2021 and March 2022, agents arrested 19 sex offenders in that region alone.
During that same time period, Del Rio agents have reportedly encountered more than 660 criminal migrants in total.",3,Migration,Unreliable,OK,,,,"The arrests of two illegal alien sex offenders at the U.S.-Mexico border this week once again spotlighted the brokenness of the country's immigration enforcement system under President Joe Biden.
In a news release Tuesday, U.S. Customs and Border Protection announced that agents in the Del Rio Sector apprehended two Mexican nationals for illegally entering the country with past sex abuse convictions — one of whom has been deported a whopping 10 times in the last two years.
Humberto Alvarez-Peralta, 42, was reportedly picked up by agents shortly after crossing the border on April 13. A subsequent biometric background investigation revealed that he had been convicted on a second-degree felony charge of sexual assault of a child in Liberty, Texas, in 1997.
Despite being repeatedly apprehended and removed from the U.S., Alvarez-Peralta continued to re-enter the country seemingly without consequence. He was most recently deported in March 2022, according to the Department of Homeland Security.
Another illegal alien sex offender — 63-year-old Hipolito Hernandez-Acosta — was reportedly apprehended on April 14 shortly after illegally entering the country. During processing, it was revealed that Hernandez-Acosta has a lengthy criminal record that includes a felony conviction for statutory rape in Georgia in 1995.
He, too, had been ordered for removal from the country on three separate occasions.
Under U.S. law, illegal alien convicted felons with prior removals can be prosecuted for re-entry after deportation, a charge that carries a possible sentence of 20 years in prison. However, it appears that federal authorities refrained from taking such an action against Alvarez-Peralta and Hernandez-Acosta until now.
TheBlaze reached out to the Department of Homeland Security seeking answers as to why. This article will be updated if a response is offered.
In its news release, CBP noted that the apprehension of sex offenders at the U.S.-Mexico border has been on the rise of late, especially in the Del Rio Sector.
Earlier in the month, agents arrested two other border-crossers with past sex offense convictions. Prior to that, between October 2021 and March 2022, agents arrested 19 sex offenders in that region alone.
During that same time period, Del Rio agents have reportedly encountered more than 660 criminal migrants in total."
www.rt.com,politics,2021,2,Unreliable,"The US Supreme Court has canceled arguments on two Trump-era immigration and border security cases, as President Joe Biden eases Donald Trump’s “zero tolerance” policies. However, the controversial detention of minors continues.
The cases related to Trump’s use of military funding to build his long-promised wall on the US-Mexico border, and his “remain in Mexico” asylum policy that required Central American migrants to wait in Mexico while their US asylum claims were processed. Both cases had been challenged by lower courts, and the Supreme Court was preparing to hear oral arguments in their favor until the Biden administration requested this week that they be dropped.
The court sided with Biden on Wednesday, striking the arguments from this month’s calendar. Though the move does not toss out the cases entirely, Biden’s Justice Department is highly unlikely to argue in defense of these policies, and the Biden administration’s plans to suspend the asylum program and discontinue construction of the wall could effectively render them moot in the near future.
Throughout his presidential campaign, Biden described the Trump administration’s border and immigration policies as “inhumane” and “cruel.” Upon taking office, he issued executive orders pausing construction on the border wall and asking the Department of Homeland Security to review the legality of its funding.
The “Remain in Mexico” policy was paused by Trump last year, with the former president citing the threat of coronavirus. New enrolments in the policy have been indefinitely suspended by Biden and, in an executive order signed on Tuesday, the president asked the DHS to consider whether to “terminate or modify” the policy.
However, the order does not address the tens of thousands of migrants who have already entered the program since it was implemented by Trump in 2019, and are currently in Mexico awaiting a decision on their applications.
The Carrizo Springs facility had been closed since 2019, and the surge in child arrivals that prompted its reopening has been blamed on a November court order that blocked the Trump administration from expelling unaccompanied minors back across the border on arrival. Despite a subsequent court order last week allowing the Biden administration to resume this expulsion policy, a senior Biden official told Axios that there are no plans to do so.",4,Migration,Reliable ,OK,,,,"The US Supreme Court has canceled arguments on two Trump-era immigration and border security cases, as President Joe Biden eases Donald Trump’s “zero tolerance” policies. However, the controversial detention of minors continues.
The cases related to Trump’s use of military funding to build his long-promised wall on the US-Mexico border, and his “remain in Mexico” asylum policy that required Central American migrants to wait in Mexico while their US asylum claims were processed. Both cases had been challenged by lower courts, and the Supreme Court was preparing to hear oral arguments in their favor until the Biden administration requested this week that they be dropped.
The court sided with Biden on Wednesday, striking the arguments from this month’s calendar. Though the move does not toss out the cases entirely, Biden’s Justice Department is highly unlikely to argue in defense of these policies, and the Biden administration’s plans to suspend the asylum program and discontinue construction of the wall could effectively render them moot in the near future.
Throughout his presidential campaign, Biden described the Trump administration’s border and immigration policies as “inhumane” and “cruel.” Upon taking office, he issued executive orders pausing construction on the border wall and asking the Department of Homeland Security to review the legality of its funding.
The “Remain in Mexico” policy was paused by Trump last year, with the former president citing the threat of coronavirus. New enrolments in the policy have been indefinitely suspended by Biden and, in an executive order signed on Tuesday, the president asked the DHS to consider whether to “terminate or modify” the policy.
However, the order does not address the tens of thousands of migrants who have already entered the program since it was implemented by Trump in 2019, and are currently in Mexico awaiting a decision on their applications.
The Carrizo Springs facility had been closed since 2019, and the surge in child arrivals that prompted its reopening has been blamed on a November court order that blocked the Trump administration from expelling unaccompanied minors back across the border on arrival. Despite a subsequent court order last week allowing the Biden administration to resume this expulsion policy, a senior Biden official told Axios that there are no plans to do so."
www.rt.com,health,2021,3,Unreliable,"In the grand tradition of divide and conquer, the ruling class has set in motion a fool-proof way to keep us from uniting against the Great Reset and attendant restrictions on human freedoms – dupe us into snitching on each other!
In order to achieve the proper level of blanket obedience, it’s important that ordinary people trust the government unquestioningly – and fear and hate those who don’t. This is best accomplished by discrediting and distancing the target population from all non-approved information sources, whether that’s Grandma down in Florida or their favorite alt-media YouTube channel. The target must be informed in no uncertain terms that they’re in the midst of an ‘infodemic’ – a deadly (if invisible and intangible) swarm of ideas that must be resisted at all costs by keeping one’s eyes and ears firmly fixed on the news networks, lest one fail to keep up with the ever-shifting New Normal.
One of the first stateside images of the Covid-19 pandemic to outline that ‘normal’ in New York City showed a group of people walking innocently down the street while their neighbors, standing on their fire escape and looking down, yelled at them for failing to “social distance” adequately. The implication – as NYC gradually and then rapidly saw its Covid-19 numbers climb – was that the group of friends walking had failed to put the needs of the community above their own. The more New Yorkers could be like the man on the fire escape, the better. But without the necessary “perception management,” the people screaming on the fire escape would get bottles (and possibly bullets) thrown at them. Nobody likes a snitch – at least, no one did back then.
Rather than inspiring a legion of snitches to rise up, however, he was mocked ferociously. New York City Mayor Bill de Blasio similarly crashed and burned when he debuted a snitch hotline for the city, receiving a litany of dick-pics and Hitler memes instead of the photos of city residents failing to social distance that he’d asked for. Their “perception” hadn’t been adequately managed.
But it’s been a year since those abortive early efforts. Other municipalities have continued to push the snitch-line as a useful police-state tool, noticing that as lockdowns drag on, people become more desperate for companionship, willing to settle for a conversation with anyone – even the police officer who’s come to haul your neighbor away for thinking impure thoughts about Bill Gates. These interactions offer a tiny nugget of human companionship to sweeten the fundamentally antisocial act of sending the authorities after an innocent neighbor.
One trick has been to interrogate children. Kids in Vermont were asked – away from their parents – whether they’d been part of a “multi-family gathering” for Thanksgiving. If they answered yes, they were ordered to self-isolate for 14 days – or seven days if they were willing to submit to an invasive Covid-19 test. Never mind that they’re warping those kids’ brains for life, duping them into ratting out their own family, or that young children are almost always symptomless with Covid-19, can’t you see there’s a war – er, a pandemic – on?!
The proprietors of Snitch Nation have also learned that financial incentives are ideal where moral incentives don’t exist, and states like New York and Massachusetts quickly realized that trying to overcome people’s natural aversion to snitching needed some help. New York began offering $75,000 yearly salaries to contact tracers who’d done little more than pass a free online course offering some unusual definitions of “autonomy” (hint: it ceases to exist when someone fails to obey quarantine rules).
The contact-tracing course (which I took) offers more than the usual training in Orwellian ‘newspeak’, however. The chirpy-voiced instructor reminds the aspiring contact tracer that they are not under any circumstances to warn their friends or family if someone they know is infected, even it if means allowing their 80-year-old grandma to go risk her life playing bridge at the house of someone who just got out of the hospital being treated for Covid-19 and is still not well. One’s loyalty can be only to the state.
Shame! Shame! Shame!
As more Americans wake up to the fact that merely getting their double-dose of vaccine is not going to set the US on a path to normality – not unless 70, or is it 90, or maybe 100 percent of the rest of the country gets it – they’re going to need someone to blame, and it better not be the vaccine companies. After all, they’re already indemnified! The US can expect a heavy-handed scapegoating campaign aimed at shaming family, friends, and neighbors who harbor a healthy distrust towards a scientific establishment that changes its mind on a weekly basis.
And the media world is pushing Snitch Nation with all its might. Journalists like Brandy Zadrozny at NBC and Taylor Lorenz at the New York Times have made it their business to pry into the private lives of private citizens whose only ‘crimes’ are having the ‘wrong’ opinions, while another news anchor reported recently from a Florida supermarket, describing the shoppers’ maskless nonchalance as if it was a genocide being conducted in real-time. Wrongthink about politics and Covid-19 has merged to the point where anyone expressing a deviation from the official line regarding the pandemic is shrieked at, Invasion of the Body Snatchers-style, as a Trump supporter and set upon by the harpies of social media.
In such a climate, then, it’s no surprise there are so many Americans eagerly calling up the FBI and DHS to report their parents, uncles, sisters, and other family members who participated in the January 6 demonstration at the Capitol, whether they were there to “riot” or merely to protest, whether or not they actually made it into the building or merely stood outside marveling at the ineptitude of their government. Told their loved ones had been hopelessly radicalized by a dangerous cult and could have killed someone, they were led to believe their act of betrayal was one of love. No doubt the world is sick of Orwell references by now, but the torture facility in 1984 was called the “Ministry of Love” for a reason.
Texas teenager Jackson Reffitt turned his father in to the police before the man even attended the rally or told anyone in the family about it, insisting that he “just wanted someone to know” about it. The younger Reffitt was subsequently thrown out of his family’s home by his devastated mother and sisters, whom he admits were “absolutely ruined about the news from what I did.” But that brief flicker of remorse was crushed with the huge amount of money the young man subsequently raised via GoFundMe – a whopping $147,229 as of Thursday.
No longer saddled with student loans, car bills, or insurance costs, Reffitt has learned a chilling lesson about loyalty and values, as has everyone watching him swell with pride on CNN: family loyalty is not required to get through life, as long as one maintains a slavish, unwavering devotion to the police state. Copycats have already started turning in their own relatives and even ex-boyfriends, figuring they have nothing to lose (aside from their dignity, which isn’t fetching much on the market these days).
We live in a society...
Given the rapidly expanding class of ideas deemed ‘anathema’ over the last year, the rank and file of Snitch Nation can only be expected to grow. Should the rest of us fail to act – to remind our own loved ones that ratting out their neighbors for an extra piece of chocolate is fundamentally wrong on multiple levels – we can expect reinforced echo chambers, a further collapse in interpersonal relations, and an iron-fisted, jello-brained rule by a hopelessly alienated populace incapable of having a civilized discussion unless they already agree on every topic to be discussed beforehand. All those who engage in wrongthink will be branded with a scarlet letter and shown the door – no exceptions.",4,covid,unreliabele,ok,,,è palese comèlottismo,"In the grand tradition of divide and conquer, the ruling class has set in motion a fool-proof way to keep us from uniting against the Great Reset and attendant restrictions on human freedoms – dupe us into snitching on each other!
In order to achieve the proper level of blanket obedience, it’s important that ordinary people trust the government unquestioningly – and fear and hate those who don’t. This is best accomplished by discrediting and distancing the target population from all non-approved information sources, whether that’s Grandma down in Florida or their favorite alt-media YouTube channel. The target must be informed in no uncertain terms that they’re in the midst of an ‘infodemic’ – a deadly (if invisible and intangible) swarm of ideas that must be resisted at all costs by keeping one’s eyes and ears firmly fixed on the news networks, lest one fail to keep up with the ever-shifting New Normal.
One of the first stateside images of the Covid-19 pandemic to outline that ‘normal’ in New York City showed a group of people walking innocently down the street while their neighbors, standing on their fire escape and looking down, yelled at them for failing to “social distance” adequately. The implication – as NYC gradually and then rapidly saw its Covid-19 numbers climb – was that the group of friends walking had failed to put the needs of the community above their own. The more New Yorkers could be like the man on the fire escape, the better. But without the necessary “perception management,” the people screaming on the fire escape would get bottles (and possibly bullets) thrown at them. Nobody likes a snitch – at least, no one did back then.
Rather than inspiring a legion of snitches to rise up, however, he was mocked ferociously. New York City Mayor Bill de Blasio similarly crashed and burned when he debuted a snitch hotline for the city, receiving a litany of dick-pics and Hitler memes instead of the photos of city residents failing to social distance that he’d asked for. Their “perception” hadn’t been adequately managed.
But it’s been a year since those abortive early efforts. Other municipalities have continued to push the snitch-line as a useful police-state tool, noticing that as lockdowns drag on, people become more desperate for companionship, willing to settle for a conversation with anyone – even the police officer who’s come to haul your neighbor away for thinking impure thoughts about Bill Gates. These interactions offer a tiny nugget of human companionship to sweeten the fundamentally antisocial act of sending the authorities after an innocent neighbor.
One trick has been to interrogate children. Kids in Vermont were asked – away from their parents – whether they’d been part of a “multi-family gathering” for Thanksgiving. If they answered yes, they were ordered to self-isolate for 14 days – or seven days if they were willing to submit to an invasive Covid-19 test. Never mind that they’re warping those kids’ brains for life, duping them into ratting out their own family, or that young children are almost always symptomless with Covid-19, can’t you see there’s a war – er, a pandemic – on?!
The proprietors of Snitch Nation have also learned that financial incentives are ideal where moral incentives don’t exist, and states like New York and Massachusetts quickly realized that trying to overcome people’s natural aversion to snitching needed some help. New York began offering $75,000 yearly salaries to contact tracers who’d done little more than pass a free online course offering some unusual definitions of “autonomy” (hint: it ceases to exist when someone fails to obey quarantine rules).
The contact-tracing course (which I took) offers more than the usual training in Orwellian ‘newspeak’, however. The chirpy-voiced instructor reminds the aspiring contact tracer that they are not under any circumstances to warn their friends or family if someone they know is infected, even it if means allowing their 80-year-old grandma to go risk her life playing bridge at the house of someone who just got out of the hospital being treated for Covid-19 and is still not well. One’s loyalty can be only to the state.
Shame! Shame! Shame!
As more Americans wake up to the fact that merely getting their double-dose of vaccine is not going to set the US on a path to normality – not unless 70, or is it 90, or maybe 100 percent of the rest of the country gets it – they’re going to need someone to blame, and it better not be the vaccine companies. After all, they’re already indemnified! The US can expect a heavy-handed scapegoating campaign aimed at shaming family, friends, and neighbors who harbor a healthy distrust towards a scientific establishment that changes its mind on a weekly basis.
And the media world is pushing Snitch Nation with all its might. Journalists like Brandy Zadrozny at NBC and Taylor Lorenz at the New York Times have made it their business to pry into the private lives of private citizens whose only ‘crimes’ are having the ‘wrong’ opinions, while another news anchor reported recently from a Florida supermarket, describing the shoppers’ maskless nonchalance as if it was a genocide being conducted in real-time. Wrongthink about politics and Covid-19 has merged to the point where anyone expressing a deviation from the official line regarding the pandemic is shrieked at, Invasion of the Body Snatchers-style, as a Trump supporter and set upon by the harpies of social media.
In such a climate, then, it’s no surprise there are so many Americans eagerly calling up the FBI and DHS to report their parents, uncles, sisters, and other family members who participated in the January 6 demonstration at the Capitol, whether they were there to “riot” or merely to protest, whether or not they actually made it into the building or merely stood outside marveling at the ineptitude of their government. Told their loved ones had been hopelessly radicalized by a dangerous cult and could have killed someone, they were led to believe their act of betrayal was one of love. No doubt the world is sick of Orwell references by now, but the torture facility in 1984 was called the “Ministry of Love” for a reason.
Texas teenager Jackson Reffitt turned his father in to the police before the man even attended the rally or told anyone in the family about it, insisting that he “just wanted someone to know” about it. The younger Reffitt was subsequently thrown out of his family’s home by his devastated mother and sisters, whom he admits were “absolutely ruined about the news from what I did.” But that brief flicker of remorse was crushed with the huge amount of money the young man subsequently raised via GoFundMe – a whopping $147,229 as of Thursday.
No longer saddled with student loans, car bills, or insurance costs, Reffitt has learned a chilling lesson about loyalty and values, as has everyone watching him swell with pride on CNN: family loyalty is not required to get through life, as long as one maintains a slavish, unwavering devotion to the police state. Copycats have already started turning in their own relatives and even ex-boyfriends, figuring they have nothing to lose (aside from their dignity, which isn’t fetching much on the market these days).
We live in a society...
Given the rapidly expanding class of ideas deemed ‘anathema’ over the last year, the rank and file of Snitch Nation can only be expected to grow. Should the rest of us fail to act – to remind our own loved ones that ratting out their neighbors for an extra piece of chocolate is fundamentally wrong on multiple levels – we can expect reinforced echo chambers, a further collapse in interpersonal relations, and an iron-fisted, jello-brained rule by a hopelessly alienated populace incapable of having a civilized discussion unless they already agree on every topic to be discussed beforehand. All those who engage in wrongthink will be branded with a scarlet letter and shown the door – no exceptions."
www.theblaze.com,politics,2021,3,Unreliable,"Americans living in border states are not the only ones being harmed by the Biden administration's border crisis — government officials in Mexico are feeling some pain, too, and they're not happy about it.
What are the details?
Reuters reported Wednesday that Mexico's government is concerned the Biden administration's lenient approach to illegal immigration enforcement has both resulted in untenable levels of migration and created business for violent gangs and drug cartels.
According to internal assessments and intelligence gathering seen by the news agency, dangerous gangs are reportedly taking advantage of U.S. measures that ""incentivize migration"" by diversifying smuggling methods and winning over migrants as clients.
The Biden administration, intent on turning the page on former President Donald Trump's tougher stance toward illegal immigration, has unwittingly created a full-blown crisis on the southern border since coming into power, as unprecedented numbers of migrants continue to surge into the U.S. in anticipation of being received with open arms.
""They see him as the migrant president, and so many feel they're going to reach the United States,"" Mexican President Andres Manuel Lopez Obrador said of President Joe Biden during a recent meeting. ""We need to work together to regulate the flow, because this business can't be tackled from one day to the next.""
What else?
One Mexican official who spoke anonymously said organized crime units altered their modus operandi ""the day Biden took office"" and now are exhibiting ""unprecedented"" levels of sophistication.
""That includes briefing clients on the latest immigration rules, using technology to outfox authorities, and disguising smuggling operations as travel agencies,"" Reuters reported.
""Migrants have become a commodity,"" the official said.
Cesar Peniche, attorney general of Chihuahua, the Mexican state that shares the largest stretch of border with the U.S., noted that the border surge has encouraged gangs to recruit migrants as drug mules and kidnap others for money.
Many of the migrants hoping to gain entry into the U.S. are not from Mexico, but rather travel through the country from places in Central and South America, or elsewhere around the world.
Anything else?
Earlier this month, Democratic Rep. Henry Cuellar (Texas) warned the Biden administration that its open borders leniency could end up emboldening drug cartels.
""You just can't say, 'Yeah, yeah, let everybody in' — because then we're affected down there at the border,"" Cuellar told Axios.
""The bad guys know how to market this,"" he added.",3,migration,unreliable,ok,,,,"Americans living in border states are not the only ones being harmed by the Biden administration's border crisis — government officials in Mexico are feeling some pain, too, and they're not happy about it.
What are the details?
Reuters reported Wednesday that Mexico's government is concerned the Biden administration's lenient approach to illegal immigration enforcement has both resulted in untenable levels of migration and created business for violent gangs and drug cartels.
According to internal assessments and intelligence gathering seen by the news agency, dangerous gangs are reportedly taking advantage of U.S. measures that ""incentivize migration"" by diversifying smuggling methods and winning over migrants as clients.
The Biden administration, intent on turning the page on former President Donald Trump's tougher stance toward illegal immigration, has unwittingly created a full-blown crisis on the southern border since coming into power, as unprecedented numbers of migrants continue to surge into the U.S. in anticipation of being received with open arms.
""They see him as the migrant president, and so many feel they're going to reach the United States,"" Mexican President Andres Manuel Lopez Obrador said of President Joe Biden during a recent meeting. ""We need to work together to regulate the flow, because this business can't be tackled from one day to the next.""
What else?
One Mexican official who spoke anonymously said organized crime units altered their modus operandi ""the day Biden took office"" and now are exhibiting ""unprecedented"" levels of sophistication.
""That includes briefing clients on the latest immigration rules, using technology to outfox authorities, and disguising smuggling operations as travel agencies,"" Reuters reported.
""Migrants have become a commodity,"" the official said.
Cesar Peniche, attorney general of Chihuahua, the Mexican state that shares the largest stretch of border with the U.S., noted that the border surge has encouraged gangs to recruit migrants as drug mules and kidnap others for money.
Many of the migrants hoping to gain entry into the U.S. are not from Mexico, but rather travel through the country from places in Central and South America, or elsewhere around the world.
Anything else?
Earlier this month, Democratic Rep. Henry Cuellar (Texas) warned the Biden administration that its open borders leniency could end up emboldening drug cartels.
""You just can't say, 'Yeah, yeah, let everybody in' — because then we're affected down there at the border,"" Cuellar told Axios.
""The bad guys know how to market this,"" he added."
www.cnn.com,climate,2021,5,Reliable,"Carbon emissions are a huge contributor to climate change, so companies are getting creative about finding ways to suck the heat-trapping element out of the atmosphere and slow global warming.
One Maine-based startup, Running Tide Technologies, is experimenting with farming kelp, a type of seaweed, in an effort to pull carbon from the air and store it deep beneath the ocean floor, potentially giving the world another nature-based tool to curb climate change.
Running Tide Founder Marty Odlin, a Dartmouth graduate and engineer whose family includes generations of fishermen, is working with a team of engineers, software developers, oceanographers, maritime professionals, data scientists and hatchery technicians to bury massive amounts of kelp at the bottom of the ocean. Odlin is aiming to “restore and then accelerate that natural process” of seaweed soaking up carbon from the atmosphere, he told CNN Business.
“Kelp is one of the fastest growing things in the world, so it pulls carbon in at the fastest rate of any species in the world,” Odlin said. From his uncle’s re-purposed lobster boat, he and his team use ocean currents to move the kelp to deep water where it can be sunk. Gravity then puts the kelp under tremendous pressure as it sinks to the deep ocean.
The seeds are grown in a hatchery, and once matured, the team puts the kelp into biodegradable buoys. As it grows, the plant eventually becomes too heavy for the buoy and sinks to the bottom of the ocean where the massive water pressure pushes it into the sea floor. “After the kelp grows, the biodegradable buoy will dissolve and lose its buoyancy and everything will sink to the ocean bottom,” Oldin told CNN. “The ocean is a tremendous natural carbon sink,” he added.
Odlin is working with scientists and universities to collect data to ensure that carbon is getting removed. “The positives for growing kelp is that it grows remarkably fast and the deep water environments it sinks to have really low temperatures which can limit decomposition back to carbon dioxide,” Peter Raymond, a professor of ecosystem ecology at Yale, told CNN Business.
Carbon sequestration has been a hot topic for some time, but the conversations surrounding the methodologies have picked up as the Biden administration focuses on combating climate change and developing clean energy technologies.
“There are a lot of really progressive companies out there that want to minimize their carbon footprint and we can sell the carbon removal service to those companies,” Odlin said of Running Tide’s overarching business strategy. When a company buys a carbon removal credit from Running Tide, Odlin and his team remove the carbon for them to offset the carbon they’re emitting to run their business.
E-commerce platform Shopify is Running Tide’s first big customer for carbon removal credits. Stacy Kauk, the director of Shopify’s sustainability fund told CNN Business she was surprised to learn that Running Tide wasn’t “relying on expensive equipment or energy-intensive processes, and yet their solution has huge potential for combating climate change.” Shopify is also helping Running Tide scale and commercialize their technology and create more partnership opportunities.
While planting trees can be one of the best ways to capture carbon, companies are trying to find new ways to step up to the plate now. “We can do large-scale afforestation efforts, but they’re not going to get us to where we need to go,” Odlin said of using trees for carbon sequestration. “They’re not removing carbon from the carbon cycle,” he added. “It’s kind of like temporary storage.” Plus, external factors such as wildfires and pine beetle infestations can completely destroy trees, eliminating the sequestration and releasing the carbon back into the atmosphere.
“Making it cheaper for businesses to invest in carbon capture and storage is the best way to immediately reduce fossil fuel emissions,” said Sally Benson, co-director of Stanford Energy’s Precourt Institute.",4,Climate,Reliable ,OK,,,,"Carbon emissions are a huge contributor to climate change, so companies are getting creative about finding ways to suck the heat-trapping element out of the atmosphere and slow global warming.
One Maine-based startup, Running Tide Technologies, is experimenting with farming kelp, a type of seaweed, in an effort to pull carbon from the air and store it deep beneath the ocean floor, potentially giving the world another nature-based tool to curb climate change.
Running Tide Founder Marty Odlin, a Dartmouth graduate and engineer whose family includes generations of fishermen, is working with a team of engineers, software developers, oceanographers, maritime professionals, data scientists and hatchery technicians to bury massive amounts of kelp at the bottom of the ocean. Odlin is aiming to “restore and then accelerate that natural process” of seaweed soaking up carbon from the atmosphere, he told CNN Business.
“Kelp is one of the fastest growing things in the world, so it pulls carbon in at the fastest rate of any species in the world,” Odlin said. From his uncle’s re-purposed lobster boat, he and his team use ocean currents to move the kelp to deep water where it can be sunk. Gravity then puts the kelp under tremendous pressure as it sinks to the deep ocean.
The seeds are grown in a hatchery, and once matured, the team puts the kelp into biodegradable buoys. As it grows, the plant eventually becomes too heavy for the buoy and sinks to the bottom of the ocean where the massive water pressure pushes it into the sea floor. “After the kelp grows, the biodegradable buoy will dissolve and lose its buoyancy and everything will sink to the ocean bottom,” Oldin told CNN. “The ocean is a tremendous natural carbon sink,” he added.
Odlin is working with scientists and universities to collect data to ensure that carbon is getting removed. “The positives for growing kelp is that it grows remarkably fast and the deep water environments it sinks to have really low temperatures which can limit decomposition back to carbon dioxide,” Peter Raymond, a professor of ecosystem ecology at Yale, told CNN Business.
Carbon sequestration has been a hot topic for some time, but the conversations surrounding the methodologies have picked up as the Biden administration focuses on combating climate change and developing clean energy technologies.
“There are a lot of really progressive companies out there that want to minimize their carbon footprint and we can sell the carbon removal service to those companies,” Odlin said of Running Tide’s overarching business strategy. When a company buys a carbon removal credit from Running Tide, Odlin and his team remove the carbon for them to offset the carbon they’re emitting to run their business.
E-commerce platform Shopify is Running Tide’s first big customer for carbon removal credits. Stacy Kauk, the director of Shopify’s sustainability fund told CNN Business she was surprised to learn that Running Tide wasn’t “relying on expensive equipment or energy-intensive processes, and yet their solution has huge potential for combating climate change.” Shopify is also helping Running Tide scale and commercialize their technology and create more partnership opportunities.
While planting trees can be one of the best ways to capture carbon, companies are trying to find new ways to step up to the plate now. “We can do large-scale afforestation efforts, but they’re not going to get us to where we need to go,” Odlin said of using trees for carbon sequestration. “They’re not removing carbon from the carbon cycle,” he added. “It’s kind of like temporary storage.” Plus, external factors such as wildfires and pine beetle infestations can completely destroy trees, eliminating the sequestration and releasing the carbon back into the atmosphere.
“Making it cheaper for businesses to invest in carbon capture and storage is the best way to immediately reduce fossil fuel emissions,” said Sally Benson, co-director of Stanford Energy’s Precourt Institute."
www.rt.com,climate,2019,12,Unreliable,"The ill-fated COP25 has found a host location at the third time of asking but, just like its predecessors, the high-powered international summit looks to be big on gestures and small on reversing the direction of humankind.
Starting on Monday, COP25, or the 25th Conference of the Parties to the UN Framework Convention on Climate Change, to give the summit its full name, will bring together top officials from 197 countries with the aim of establishing a set of new national targets towards cutting emissions. The talks were originally due to be held in Brazil, but the government there pulled out 12 months ago. Chile offered to take over but, after weeks of street protests, the government there pulled out, too. Finally, the Spanish government stepped in four weeks ago to take over.
What are the talks about?
The talks will review the progress made since the much-ballyhooed Paris Agreement was signed at COP21 in December 2015. The Agreement aims to reduce emissions enough to keep global temperature rises 'well below' two degrees Celsius above pre-industrial levels, and ideally 1.5 degrees. The world has already warmed by about one degree Celsius from that baseline, leaving nations with even less leeway.
Each country has promised to set a national goal for lowering emissions along with a plan for how that might be achieved.
Does setting targets work?
There were two main problems with the Paris Agreement. First, there is no international mechanism to enforce the targets that countries declare. Beyond domestic laws and 'peer pressure' from other countries, there is no penalty for failure. Second, the cuts pledged so far are nowhere near sufficient, if climate models are correct, to stop the world warming by well over two degrees. Hence the demand for new, even more ambitious targets to be set, both in Madrid and at the 2020 meeting in Glasgow, UK.
Countries do seem to be stepping up their ambitions – or, at least, their rhetoric. For example, more and more countries are pledging to reach 'net zero' emissions by 2050 or shortly after. In the past few days, the new president of the EU Commission, Ursula von der Leyen, has demanded that EU member states commit to cutting emissions by 55 percent by 2030.
Do we believe politicians this time?
The record on achieving emissions cuts in this way is very poor. For all the grand declarations at UN events, the reality is that even the weak targets set so far have only been met by accident rather than by design.
For example, the Kyoto Protocol, signed in 1997, committed industrialized countries to cut overall emissions by five percent, compared to 1990, by 2012. The targets were just about met – but mainly because of the deindustrialization of Eastern Europe and Russia after 1990, along with unrelated events in Western countries, namely the economic crisis of 2008-09.
So, what will actually happen?
The scale of the problem is highlighted by the UN Environment Programme's Emissions Gap Report 2019, published on 26 November. The report analyses the 'emissions gap' between what is currently happening, what countries have pledged to do and the emissions reductions that are needed. In short, far from emissions falling rapidly or even stabilizing, they have carried on rising at about 1.5 percent per year.
That also means that the cuts that are needed to reach the goals in the Paris Agreement must be made even faster.
Should we even bother with emissions targets?
At which point, it is surely worth asking: is the problem a lack of political will, as many critics maintain, or is the whole process of setting targets simply wrong? When faced with the problem of maintaining or improving living standards for their own citizens, governments' first thought will always be to protect their own position rather than make cutbacks.
And Emmanuel Macron’s desire to go against his people with a fuel tax a year ago – which provoked a year of Yellow Vest protests – shows the political costs of the elite trying to impose its green policies on a reluctant electorate.
In truth, the West has barely recovered from the crash of 2008. Politicians are highly unlikely to jeopardize what little growth is happening by imposing more taxes and restrictions on pollution.
Even when the politicians do manage to squeeze policies through, they are highly cost-inefficient. Germany has spent over €300 billion ($330.5 bn) on introducing renewables like wind power and solar power, yet they make up just one-seventh of Germany's energy needs and German consumers now pay the highest electricity prices in Europe.
Is there a better way?
There is, if we stop predicting doom and put our faith into human ingenuity instead. For one thing, there is no 'climate emergency.' We should ignore the advice of Greta Thunberg to 'panic.' These claims are an attempt to silence dissent and debate, to force us to do what the eco-warriors want rather than take a balanced view.
1. Don't panic!
The world is likely to get warmer, whatever we do. But thanks to economic development - mostly powered by fossil fuels - we are in a better position to deal with whatever nature throws at us. Just one example: deaths from natural disasters have plummeted in the past century thanks to better transport, communications, healthcare and food supplies. We need more economic growth so we may drag billions more out of poverty and be even more resilient in the future.
Let's pick the 'low-hanging fruit' – the easiest and cheapest ways to cut emissions. For example, low-energy lighting both cuts energy use and saves money very quickly. Switching from coal to gas for electricity generation has been successful in the UK and US. Alongside that, let's invest in things that are good ideas in themselves, but also happen to cut emissions, so-called 'no regrets' policies. Electric and hydrogen-powered vehicles not only don't produce greenhouse gas emissions, but can drastically improve the air in our cities - and they need less maintenance, too. Let's strive to make them cheaper and more reliable.
Wind and solar can be useful if the conditions are right - where there's lots of sunshine or plenty of wind. Otherwise, they don't cut emissions by much and they are not reliable, but they do increase the cost of energy. We need reliable, affordable forms of low-carbon energy, whether it is existing technology like nuclear fission or new possibilities like nuclear fusion. Let's use some of the money we save on renewables to launch a new wave of energy research.
Some of these things will take time to come to fruition. But we must take the long term view – which is exactly what the green activists always demand. So instead of quick headline-grabbing but meaningless fixes to stave off the apocalypse, we must trust ourselves to work our way out. Not that you will hear much of that optimistic rhetoric in Madrid.",3,Climate,Unreliable,OK,,,,"The ill-fated COP25 has found a host location at the third time of asking but, just like its predecessors, the high-powered international summit looks to be big on gestures and small on reversing the direction of humankind.
Starting on Monday, COP25, or the 25th Conference of the Parties to the UN Framework Convention on Climate Change, to give the summit its full name, will bring together top officials from 197 countries with the aim of establishing a set of new national targets towards cutting emissions. The talks were originally due to be held in Brazil, but the government there pulled out 12 months ago. Chile offered to take over but, after weeks of street protests, the government there pulled out, too. Finally, the Spanish government stepped in four weeks ago to take over.
What are the talks about?
The talks will review the progress made since the much-ballyhooed Paris Agreement was signed at COP21 in December 2015. The Agreement aims to reduce emissions enough to keep global temperature rises 'well below' two degrees Celsius above pre-industrial levels, and ideally 1.5 degrees. The world has already warmed by about one degree Celsius from that baseline, leaving nations with even less leeway.
Each country has promised to set a national goal for lowering emissions along with a plan for how that might be achieved.
Does setting targets work?
There were two main problems with the Paris Agreement. First, there is no international mechanism to enforce the targets that countries declare. Beyond domestic laws and 'peer pressure' from other countries, there is no penalty for failure. Second, the cuts pledged so far are nowhere near sufficient, if climate models are correct, to stop the world warming by well over two degrees. Hence the demand for new, even more ambitious targets to be set, both in Madrid and at the 2020 meeting in Glasgow, UK.
Countries do seem to be stepping up their ambitions – or, at least, their rhetoric. For example, more and more countries are pledging to reach 'net zero' emissions by 2050 or shortly after. In the past few days, the new president of the EU Commission, Ursula von der Leyen, has demanded that EU member states commit to cutting emissions by 55 percent by 2030.
Do we believe politicians this time?
The record on achieving emissions cuts in this way is very poor. For all the grand declarations at UN events, the reality is that even the weak targets set so far have only been met by accident rather than by design.
For example, the Kyoto Protocol, signed in 1997, committed industrialized countries to cut overall emissions by five percent, compared to 1990, by 2012. The targets were just about met – but mainly because of the deindustrialization of Eastern Europe and Russia after 1990, along with unrelated events in Western countries, namely the economic crisis of 2008-09.
So, what will actually happen?
The scale of the problem is highlighted by the UN Environment Programme's Emissions Gap Report 2019, published on 26 November. The report analyses the 'emissions gap' between what is currently happening, what countries have pledged to do and the emissions reductions that are needed. In short, far from emissions falling rapidly or even stabilizing, they have carried on rising at about 1.5 percent per year.
That also means that the cuts that are needed to reach the goals in the Paris Agreement must be made even faster.
Should we even bother with emissions targets?
At which point, it is surely worth asking: is the problem a lack of political will, as many critics maintain, or is the whole process of setting targets simply wrong? When faced with the problem of maintaining or improving living standards for their own citizens, governments' first thought will always be to protect their own position rather than make cutbacks.
And Emmanuel Macron’s desire to go against his people with a fuel tax a year ago – which provoked a year of Yellow Vest protests – shows the political costs of the elite trying to impose its green policies on a reluctant electorate.
In truth, the West has barely recovered from the crash of 2008. Politicians are highly unlikely to jeopardize what little growth is happening by imposing more taxes and restrictions on pollution.
Even when the politicians do manage to squeeze policies through, they are highly cost-inefficient. Germany has spent over €300 billion ($330.5 bn) on introducing renewables like wind power and solar power, yet they make up just one-seventh of Germany's energy needs and German consumers now pay the highest electricity prices in Europe.
Is there a better way?
There is, if we stop predicting doom and put our faith into human ingenuity instead. For one thing, there is no 'climate emergency.' We should ignore the advice of Greta Thunberg to 'panic.' These claims are an attempt to silence dissent and debate, to force us to do what the eco-warriors want rather than take a balanced view.
1. Don't panic!
The world is likely to get warmer, whatever we do. But thanks to economic development - mostly powered by fossil fuels - we are in a better position to deal with whatever nature throws at us. Just one example: deaths from natural disasters have plummeted in the past century thanks to better transport, communications, healthcare and food supplies. We need more economic growth so we may drag billions more out of poverty and be even more resilient in the future.
Let's pick the 'low-hanging fruit' – the easiest and cheapest ways to cut emissions. For example, low-energy lighting both cuts energy use and saves money very quickly. Switching from coal to gas for electricity generation has been successful in the UK and US. Alongside that, let's invest in things that are good ideas in themselves, but also happen to cut emissions, so-called 'no regrets' policies. Electric and hydrogen-powered vehicles not only don't produce greenhouse gas emissions, but can drastically improve the air in our cities - and they need less maintenance, too. Let's strive to make them cheaper and more reliable.
Wind and solar can be useful if the conditions are right - where there's lots of sunshine or plenty of wind. Otherwise, they don't cut emissions by much and they are not reliable, but they do increase the cost of energy. We need reliable, affordable forms of low-carbon energy, whether it is existing technology like nuclear fission or new possibilities like nuclear fusion. Let's use some of the money we save on renewables to launch a new wave of energy research.
Some of these things will take time to come to fruition. But we must take the long term view – which is exactly what the green activists always demand. So instead of quick headline-grabbing but meaningless fixes to stave off the apocalypse, we must trust ourselves to work our way out. Not that you will hear much of that optimistic rhetoric in Madrid."
www.rt.com,economics,2018,9,Unreliable,"Massive declines in the agricultural, transport and retail sectors have dragged the South African economy into recession after nearly a decade of growth. It is a huge blow to President Ramaphosa's controversial reforms.
GDP in the second quarter contracted by 0.7 percent compared to the first three months of the current year. South African national currency, the rand, extended declines against the US dollar to more than two percent as government bonds fell after the released data.
“We are in a recession,” Statistician-General Risenga Maluleke said, commenting on the reports that reflect two consecutive quarters of contraction.
According to Statistics South Africa, agricultural production declined by 29.2 percent, while the transport, communication and storage sector dropped 4.9 percent. At the same time, mining output grew by 4.9 percent and finance by 1.9 percent.
The news is expected to increase concerns over the weakening rand, along with plans for a widely-debated land reform and negative after-effects triggered by state corruption under former president Jacob Zuma.
South African national currency plummeted under the pressure of emerging market jitters in Turkey and Argentina. It is expected to get worse amid investors' deep concerns about a government push for land reform that may have far-reaching economic consequences.
A draft proposal to confiscate white-owned farms and redistribute land to address racial inequalities was withdrawn for further study. However, the ruling African National Congress (ANC) has reaffirmed its commitment to the plan.
“This economy remains in the doldrums, that we are in desperate need for policy certainty and structural reform to get us onto a growth path,” Elize Kruger, an economist at Paarl, South Africa-based NKC African Economics, told Bloomberg.",3,Economics,Reliable ,OK,,,,"Massive declines in the agricultural, transport and retail sectors have dragged the South African economy into recession after nearly a decade of growth. It is a huge blow to President Ramaphosa's controversial reforms.
GDP in the second quarter contracted by 0.7 percent compared to the first three months of the current year. South African national currency, the rand, extended declines against the US dollar to more than two percent as government bonds fell after the released data.
“We are in a recession,” Statistician-General Risenga Maluleke said, commenting on the reports that reflect two consecutive quarters of contraction.
According to Statistics South Africa, agricultural production declined by 29.2 percent, while the transport, communication and storage sector dropped 4.9 percent. At the same time, mining output grew by 4.9 percent and finance by 1.9 percent.
The news is expected to increase concerns over the weakening rand, along with plans for a widely-debated land reform and negative after-effects triggered by state corruption under former president Jacob Zuma.
South African national currency plummeted under the pressure of emerging market jitters in Turkey and Argentina. It is expected to get worse amid investors' deep concerns about a government push for land reform that may have far-reaching economic consequences.
A draft proposal to confiscate white-owned farms and redistribute land to address racial inequalities was withdrawn for further study. However, the ruling African National Congress (ANC) has reaffirmed its commitment to the plan.
“This economy remains in the doldrums, that we are in desperate need for policy certainty and structural reform to get us onto a growth path,” Elize Kruger, an economist at Paarl, South Africa-based NKC African Economics, told Bloomberg."
www.bbc.com,climate,2019,8,Reliable,"Scientists are to deliver a stark condemnation of the damage being done to the land surface of the planet.
Human activities have led to the degrading of soils, expanded deserts, felled forests, driven out wildlife, and drained peatlands, they will say.
In the process, land has been turned from an asset that combats climate change into a major source of carbon.
The scientists will say this land abuse must be stopped to avoid catastrophic climate heating.
What is climate change?
How can the land protect us from climate change?
Uncultivated land covered with vegetation protects us from overheating because the plants absorb the warming gas CO2 from the air and fix it in the soil.
But the scientists meeting in Geneva, Switzerland, will say the way we farm and grow timber often actually increases emissions of carbon dioxide.
Between a quarter and a third of all greenhouse gas emissions are now estimated to come from land use.
The scientists will warn of a battle for land between multiple competing demands: biofuels, plant material for plastics and fibres, timber, wildlife, paper and pulp - and food for a growing population.
Their report will say we need to make hard choices about how we use the world’s soil.
And it will offer another warning that our hunger for red meat is putting huge stress on the land to produce animal feed, as well as contributing to half of the world’s emissions of methane - another greenhouse gas.
What is the report?
The document’s being finalised this week among scientists and government officials on the UN's Intergovernmental Panel on Climate Change (IPCC).
It will become the most authoritative report yet on the way we use and abuse the land. Scientists hope it will give the issue of land use greater prominence in negotiations on climate change.
At its heart will be the paradox that the land can be a source of CO2 emissions, or a sink for CO2 emissions.
The question is how we use it.
Why is that an issue?
Take the fenlands in the east of England – a huge expanse of lowland peat.
In its natural state, it’s saturated with water. But over centuries, 99% of it has been drained for farming. Food crops don’t grow in peat bogs.
The remaining un-drained 1% is Wicken Fen, a plot owned by the charity the National Trust, where the soft black soil is still 4m deep.
The surrounding drained farmland is noticeably lower, because as it’s been drained the peat has shrunk to just 50cm thick.
Between 1-2% of the soil on the drained farmland is still being lost every year.
That’s because when peat is exposed to the air, it oxidises and produces CO2.
But here’s the problem: the peaty fields are also some of the most productive cropland in the UK – they’re known as Black Gold.
Farmers want to grow food on them – not soak them to save carbon.
One young farmer, Charles Shropshire, told me he was concerned about carbon loss from his fields.
He’s already finding that existing climate change is disrupting growing patterns.
So now he’s adopting so-called “regenerative farming” techniques - such as shallow ploughing, keeping the land covered in vegetation in the winter, and using drip-feed watering.
He’s willing to experiment with National Trust ideas such as re-wetting the soil over the winter, or growing sphagnum moss for use in beauty treatments or hanging baskets.
But many other farmers don’t want to change the way they run their business.
And all round the world you’ll find similar stories as farmers strive to increase production of the food people want, which can negatively affect land in the long term.
Part of the problem is that consumption of meat and vegetable oils has doubled since the 1960s.
Can we solve the problem?
Scientists say the problem is huge. They admit it will be hard to solve, especially as conservation-style farming would involve teaching half a billion farmers to work differently.
Are the solutions agreed?
There’s still some debate. One option is to concentrate intensive farming into the smallest possible area of land, in order to leave as much natural land as possible to soak up CO2.
Another option is to farm in a less intensive, more climate-friendly way – but that means taking up more natural land to compensate.
Either way, the report will warn that the poorest farmers will be hardest hit by global warming, and they’ll be least able to afford new technologies to change the way they farm.
Will the report change policies?
Prof Jane Rickson from Cranfield University, UK, told us: “Increased temperatures and heavier rainfall will aggravate soil erosion, compaction, loss of organic matter, loss of biodiversity, and landslides… many of which are irreversible.
“I hope the final IPCC report will be robust enough to motivate politicians and land managers to implement policies and practices that will reverse, mitigate and adapt to the climate crisis”.
Follow Roger on Twitter.",4,climate,Reliable ,ok,,,,"Scientists are to deliver a stark condemnation of the damage being done to the land surface of the planet.
Human activities have led to the degrading of soils, expanded deserts, felled forests, driven out wildlife, and drained peatlands, they will say.
In the process, land has been turned from an asset that combats climate change into a major source of carbon.
The scientists will say this land abuse must be stopped to avoid catastrophic climate heating.
What is climate change?
How can the land protect us from climate change?
Uncultivated land covered with vegetation protects us from overheating because the plants absorb the warming gas CO2 from the air and fix it in the soil.
But the scientists meeting in Geneva, Switzerland, will say the way we farm and grow timber often actually increases emissions of carbon dioxide.
Between a quarter and a third of all greenhouse gas emissions are now estimated to come from land use.
The scientists will warn of a battle for land between multiple competing demands: biofuels, plant material for plastics and fibres, timber, wildlife, paper and pulp - and food for a growing population.
Their report will say we need to make hard choices about how we use the world’s soil.
And it will offer another warning that our hunger for red meat is putting huge stress on the land to produce animal feed, as well as contributing to half of the world’s emissions of methane - another greenhouse gas.
What is the report?
The document’s being finalised this week among scientists and government officials on the UN's Intergovernmental Panel on Climate Change (IPCC).
It will become the most authoritative report yet on the way we use and abuse the land. Scientists hope it will give the issue of land use greater prominence in negotiations on climate change.
At its heart will be the paradox that the land can be a source of CO2 emissions, or a sink for CO2 emissions.
The question is how we use it.
Why is that an issue?
Take the fenlands in the east of England – a huge expanse of lowland peat.
In its natural state, it’s saturated with water. But over centuries, 99% of it has been drained for farming. Food crops don’t grow in peat bogs.
The remaining un-drained 1% is Wicken Fen, a plot owned by the charity the National Trust, where the soft black soil is still 4m deep.
The surrounding drained farmland is noticeably lower, because as it’s been drained the peat has shrunk to just 50cm thick.
Between 1-2% of the soil on the drained farmland is still being lost every year.
That’s because when peat is exposed to the air, it oxidises and produces CO2.
But here’s the problem: the peaty fields are also some of the most productive cropland in the UK – they’re known as Black Gold.
Farmers want to grow food on them – not soak them to save carbon.
One young farmer, Charles Shropshire, told me he was concerned about carbon loss from his fields.
He’s already finding that existing climate change is disrupting growing patterns.
So now he’s adopting so-called “regenerative farming” techniques - such as shallow ploughing, keeping the land covered in vegetation in the winter, and using drip-feed watering.
He’s willing to experiment with National Trust ideas such as re-wetting the soil over the winter, or growing sphagnum moss for use in beauty treatments or hanging baskets.
But many other farmers don’t want to change the way they run their business.
And all round the world you’ll find similar stories as farmers strive to increase production of the food people want, which can negatively affect land in the long term.
Part of the problem is that consumption of meat and vegetable oils has doubled since the 1960s.
Can we solve the problem?
Scientists say the problem is huge. They admit it will be hard to solve, especially as conservation-style farming would involve teaching half a billion farmers to work differently.
Are the solutions agreed?
There’s still some debate. One option is to concentrate intensive farming into the smallest possible area of land, in order to leave as much natural land as possible to soak up CO2.
Another option is to farm in a less intensive, more climate-friendly way – but that means taking up more natural land to compensate.
Either way, the report will warn that the poorest farmers will be hardest hit by global warming, and they’ll be least able to afford new technologies to change the way they farm.
Will the report change policies?
Prof Jane Rickson from Cranfield University, UK, told us: “Increased temperatures and heavier rainfall will aggravate soil erosion, compaction, loss of organic matter, loss of biodiversity, and landslides… many of which are irreversible.
“I hope the final IPCC report will be robust enough to motivate politicians and land managers to implement policies and practices that will reverse, mitigate and adapt to the climate crisis”.
Follow Roger on Twitter."
www.bbc.com,economics,2022,8,Reliable,"Higher borrowing costs reduce spending and economic activity. But top economic officials in the US have said they hope the US labour market will remain strong enough to allow the Federal Reserve to raise rates without triggering a recession.
Treasury Secretary Janet Yellen, who previously led the bank, said last week that the economy was shifting from its booming post-pandemic recovery to a more solid and steady phase of growth.
""The unexpected acceleration in non-farm payroll growth in July, together with the further decline in the unemployment rate and the renewed pick-up in wage pressure, make a mockery of claims that the economy is on the brink of recession,"" said Michael Pearce, senior US economist for Capital Economics.
The US has now regained all 22 million jobs lost when the pandemic hit in 2020, the Labor Department said. The jobless rate has also returned to its pre-pandemic level, hovering at 50-year lows.
Product manager Ian Charles lost his job a few weeks ago when his financial technology company announced a wave of cuts, citing the shift in investor sentiment that was making it harder for start-ups to raise money.
The 33-year-old was surprised - and initially, panicked, remembering how difficult his job search had been a few years earlier. But this time, he said, ""it's a totally different ballgame.""
""People have really been coming out in droves on LinkedIn - both people I actually know from grad school and former colleagues to just random recruiters,"" he said.
""I was panicking at the start ... but this time around I've seen in a month how much easier it's been to get traction,"" he said. ""Opportunities keep coming, which is really weird to me because everyone keeps talking about how we're headed for a recession and things could be slowing down, but I don't see it reflected on the ground.""
The bank has already announced rate rises four times since March, responding to consumer prices that are increasing at their fastest pace since 1981. The inflation rate surged again in June to 9.1%.
""Nice to see this many jobs added but it is scary about what it means for the size of the adjustment we may have coming,"" he wrote on Twitter. ""Recession is now less of a worry. Inflation is more of a worry. The Fed will likely need to do more.""",4,Economics,Reliable ,OK,,,,"Higher borrowing costs reduce spending and economic activity. But top economic officials in the US have said they hope the US labour market will remain strong enough to allow the Federal Reserve to raise rates without triggering a recession.
Treasury Secretary Janet Yellen, who previously led the bank, said last week that the economy was shifting from its booming post-pandemic recovery to a more solid and steady phase of growth.
""The unexpected acceleration in non-farm payroll growth in July, together with the further decline in the unemployment rate and the renewed pick-up in wage pressure, make a mockery of claims that the economy is on the brink of recession,"" said Michael Pearce, senior US economist for Capital Economics.
The US has now regained all 22 million jobs lost when the pandemic hit in 2020, the Labor Department said. The jobless rate has also returned to its pre-pandemic level, hovering at 50-year lows.
Product manager Ian Charles lost his job a few weeks ago when his financial technology company announced a wave of cuts, citing the shift in investor sentiment that was making it harder for start-ups to raise money.
The 33-year-old was surprised - and initially, panicked, remembering how difficult his job search had been a few years earlier. But this time, he said, ""it's a totally different ballgame.""
""People have really been coming out in droves on LinkedIn - both people I actually know from grad school and former colleagues to just random recruiters,"" he said.
""I was panicking at the start ... but this time around I've seen in a month how much easier it's been to get traction,"" he said. ""Opportunities keep coming, which is really weird to me because everyone keeps talking about how we're headed for a recession and things could be slowing down, but I don't see it reflected on the ground.""
The bank has already announced rate rises four times since March, responding to consumer prices that are increasing at their fastest pace since 1981. The inflation rate surged again in June to 9.1%.
""Nice to see this many jobs added but it is scary about what it means for the size of the adjustment we may have coming,"" he wrote on Twitter. ""Recession is now less of a worry. Inflation is more of a worry. The Fed will likely need to do more."""
www.cnn.com,politics,2019,6,Reliable,"Acting director of US Citizenship and Immigration Services Ken Cuccinelli blamed the father in the now-infamous photograph of a drowned man and his daughter at the southern border for both of their deaths.
“The reason we have tragedies like that on the border is because those folks, that father didn’t want to wait to go through the asylum process in the legal fashion, so decided to cross the river,” Cuccinelli said of father Oscar Alberto Martínez and his daughter, 23-month-old Angie Valeria, whose bodies were found in the Rio Grande.
Cuccinelli is an immigration hardliner who joined the Trump administration as acing CIS director earlier this month.
His assessment stands in contrast to what Martinez’s grieving family members have said.
Martinez’s mother, Rosa Ramirez, told CNN that her son died while trying to save his daughter’s life.
Tania Vanessa Ávalos, Oscar’s wife and Angie Valeria’s mother, told the Mexican newspaper La Jornada that her family had grown increasingly desperate. Temperatures reached over 110 degrees at the migrant camp in Matamoros, Mexico, where the family had been waiting to present themselves at a US port of entry and seek asylum, she said.
At the end of May, more than 2,000 migrants were waiting “in conditions of hunger and overcrowding” there to seek asylum at ports where, according to La Jornada, US agents granted an average of three appointments per week.
They had been in a migrant camp in Matamoros since Sunday, the newspaper said, citing Ávalos.
Former Housing and Urban Development Secretary and San Antonio Mayor Julian Castro suggested during Wednesday night’s Democratic debate that the Trump administration’s policy of limiting asylum at ports of entry led to the pair’s deaths.
The Trump administration’s policy, called “metering,” has led to longer wait times, though it’s difficult to ascribe motive behind a migrant’s decision to cross the border illegally. Customs and Border Protection has said it doesn’t know how many migrants have been turned away as a result of metering.
Cuccinelli on Thursday also blamed migrants themselves for allegedly patronizing drug cartels who use “the border as essentially a toll booth” to try and enter the United States, claiming it’s the “tragedy” of US immigration laws drawing migrants to make dangerous trips.",4,migration,reliable,,,,,"Acting director of US Citizenship and Immigration Services Ken Cuccinelli blamed the father in the now-infamous photograph of a drowned man and his daughter at the southern border for both of their deaths.
“The reason we have tragedies like that on the border is because those folks, that father didn’t want to wait to go through the asylum process in the legal fashion, so decided to cross the river,” Cuccinelli said of father Oscar Alberto Martínez and his daughter, 23-month-old Angie Valeria, whose bodies were found in the Rio Grande.
Cuccinelli is an immigration hardliner who joined the Trump administration as acing CIS director earlier this month.
His assessment stands in contrast to what Martinez’s grieving family members have said.
Martinez’s mother, Rosa Ramirez, told CNN that her son died while trying to save his daughter’s life.
Tania Vanessa Ávalos, Oscar’s wife and Angie Valeria’s mother, told the Mexican newspaper La Jornada that her family had grown increasingly desperate. Temperatures reached over 110 degrees at the migrant camp in Matamoros, Mexico, where the family had been waiting to present themselves at a US port of entry and seek asylum, she said.
At the end of May, more than 2,000 migrants were waiting “in conditions of hunger and overcrowding” there to seek asylum at ports where, according to La Jornada, US agents granted an average of three appointments per week.
They had been in a migrant camp in Matamoros since Sunday, the newspaper said, citing Ávalos.
Former Housing and Urban Development Secretary and San Antonio Mayor Julian Castro suggested during Wednesday night’s Democratic debate that the Trump administration’s policy of limiting asylum at ports of entry led to the pair’s deaths.
The Trump administration’s policy, called “metering,” has led to longer wait times, though it’s difficult to ascribe motive behind a migrant’s decision to cross the border illegally. Customs and Border Protection has said it doesn’t know how many migrants have been turned away as a result of metering.
Cuccinelli on Thursday also blamed migrants themselves for allegedly patronizing drug cartels who use “the border as essentially a toll booth” to try and enter the United States, claiming it’s the “tragedy” of US immigration laws drawing migrants to make dangerous trips."
www.cnn.com,economics,2020,9,Reliable,"President Donald Trump is heading into the general election with the worst jobs numbers of any president, based on records that go back to World War II.
That’s not going to change in the two months between now and Election Day, no matter how the economy does.
The US economy is down 4.7 million jobs since January 2017 when Trump took office, according to the Labor Department.
The August jobs report released Friday showed employers added back about 1.4 million jobs, bringing the unemployment rate to 8.4%. That is still well short of what would be needed to give Trump a positive jobs record by November 3.
The only other President in the last 80 years to own an overall loss in jobs between his inauguration and the following Election Day was George W. Bush in 2004. That was because of the so-called “jobless recovery” after the recession sparked by the dot-com bust. But the loss of 605,000 jobs through September of 2004 was a fraction of the job losses that happened under the Trump administration.
To be sure, the bulk of the job losses in the Trump economy were precipitated by the shutdown orders associated with the worst pandemic in 100 years.
“I would say Covid-19 is one hell of an extenuating circumstance,” said Greg Valliere, chief US policy strategist for AGF Investments.
But there are many who question whether the Trump administration’s handling of the pandemic is responsible for deeper economic damage than would have taken place had the White House taken a more active role in fighting coronavirus. And even with millions being called back to work in recent months, there were more were 13.6 million people looking for work and unable to find one in the most recent reading.
There is only one more jobs report — for September — that will be released before Election Day, and the Labor Department will start counting the jobs that make up that report next week. Even if Congress pushes through another Covid-19 financial stimulus package soon, it won’t wipe out all of the job losses that have occurred during Trump’s term.
President Trump has frequently boasted about his pre-pandemic jobs record. And he has promised that once the pandemic is over, the job gains will return.
But data show that his administration’s job gains before the pandemic were only average compared with predecessors.
The best percentage gain was in the period between 1941 and 1944, when the end of the Great Depression and the nation’s entry into World War II resulted in a 21% gain in jobs during President Franklin D. Roosevelt’s third term.
This doesn’t necessarily mean that Trump will be joining the ranks of unemployed.
The direction of the economy can be far more important than the raw numbers, said Valliere. That could be good news for Trump since in the last four months employers have brought back 10.6 million workers who were temporarily laid off earlier in the year.
George W. Bush, the only president with a record of job losses leading up to the election, was nonetheless reelected in 2004. He was helped by the economy adding 1.5 million jobs between January and September of that year.
By contrast, even a good overall jobs record can be hurt by job losses leading up to the election. Jimmy Carter had one of the best job creation records between his inaugural and September of 1980 — 9.5 million jobs added, a gain of nearly 12%. But throughout 1980, job losses mounted as employers cut nearly 800,000 jobs between March and September. That, along with high inflation and the Iran hostage crisis, led to his defeat.
The job rebound appears to be slowing, as many of the jobs that were easy to bring back are already back, said Mark Zandi, chief economist with Moody’s Analytics. The 1.4 million jobs added in August was down from the 1.7 million added in July, as the CNN Business Recovery Dashboard shows.
Many of the millions of people who are out of work may be losing faith that they will be getting their jobs back. The 10.6 million people who returned to the jobs were mostly working in restaurants, hotels and retailers, noted Zandi.
Airlines are about to start cutting jobs. Local and state governments are running out of money. The damage is still accumulating, Zandi argued.
So what does that mean for Trump’s re-election chances?
“I think people are still making up their minds,” said Zandi. He said that’s why the August and September jobs reports matter.
“Do they view it as glass half full glass half empty?” he asked.",3,Economics,Reliable,OK,,,,"President Donald Trump is heading into the general election with the worst jobs numbers of any president, based on records that go back to World War II.
That’s not going to change in the two months between now and Election Day, no matter how the economy does.
The US economy is down 4.7 million jobs since January 2017 when Trump took office, according to the Labor Department.
The August jobs report released Friday showed employers added back about 1.4 million jobs, bringing the unemployment rate to 8.4%. That is still well short of what would be needed to give Trump a positive jobs record by November 3.
The only other President in the last 80 years to own an overall loss in jobs between his inauguration and the following Election Day was George W. Bush in 2004. That was because of the so-called “jobless recovery” after the recession sparked by the dot-com bust. But the loss of 605,000 jobs through September of 2004 was a fraction of the job losses that happened under the Trump administration.
To be sure, the bulk of the job losses in the Trump economy were precipitated by the shutdown orders associated with the worst pandemic in 100 years.
“I would say Covid-19 is one hell of an extenuating circumstance,” said Greg Valliere, chief US policy strategist for AGF Investments.
But there are many who question whether the Trump administration’s handling of the pandemic is responsible for deeper economic damage than would have taken place had the White House taken a more active role in fighting coronavirus. And even with millions being called back to work in recent months, there were more were 13.6 million people looking for work and unable to find one in the most recent reading.
There is only one more jobs report — for September — that will be released before Election Day, and the Labor Department will start counting the jobs that make up that report next week. Even if Congress pushes through another Covid-19 financial stimulus package soon, it won’t wipe out all of the job losses that have occurred during Trump’s term.
President Trump has frequently boasted about his pre-pandemic jobs record. And he has promised that once the pandemic is over, the job gains will return.
But data show that his administration’s job gains before the pandemic were only average compared with predecessors.
The best percentage gain was in the period between 1941 and 1944, when the end of the Great Depression and the nation’s entry into World War II resulted in a 21% gain in jobs during President Franklin D. Roosevelt’s third term.
This doesn’t necessarily mean that Trump will be joining the ranks of unemployed.
The direction of the economy can be far more important than the raw numbers, said Valliere. That could be good news for Trump since in the last four months employers have brought back 10.6 million workers who were temporarily laid off earlier in the year.
George W. Bush, the only president with a record of job losses leading up to the election, was nonetheless reelected in 2004. He was helped by the economy adding 1.5 million jobs between January and September of that year.
By contrast, even a good overall jobs record can be hurt by job losses leading up to the election. Jimmy Carter had one of the best job creation records between his inaugural and September of 1980 — 9.5 million jobs added, a gain of nearly 12%. But throughout 1980, job losses mounted as employers cut nearly 800,000 jobs between March and September. That, along with high inflation and the Iran hostage crisis, led to his defeat.
The job rebound appears to be slowing, as many of the jobs that were easy to bring back are already back, said Mark Zandi, chief economist with Moody’s Analytics. The 1.4 million jobs added in August was down from the 1.7 million added in July, as the CNN Business Recovery Dashboard shows.
Many of the millions of people who are out of work may be losing faith that they will be getting their jobs back. The 10.6 million people who returned to the jobs were mostly working in restaurants, hotels and retailers, noted Zandi.
Airlines are about to start cutting jobs. Local and state governments are running out of money. The damage is still accumulating, Zandi argued.
So what does that mean for Trump’s re-election chances?
“I think people are still making up their minds,” said Zandi. He said that’s why the August and September jobs reports matter.
“Do they view it as glass half full glass half empty?” he asked."
www.rt.com,climate,2021,10,Unreliable,"Access to energy has become one of China’s major foreign policy considerations and recent events show why – it simply doesn’t have sufficient resources of its own to power what has become the world’s largest industrial hub.
The headlines have been stark in recent days: regions of China have been suffering from power shortages, with local governments being forced to ration electricity due to a lack of coal and increased demand pushing prices up.
The crisis is also a product of a power system fuelled by government subsidies that operate on a not-for-profit basis, alleviating the pressure on bill payers. This means that when commodity prices surge, they start making massive losses and so have to cut supply.
The problem shines a light on one of China’s biggest headaches – ensuring there is enough affordable power for a mega-industrial nation of more than 1.4 billion people, with demand soaring year after year as the country has grown.
And so the need for energy has become one of the biggest strategic motivations behind China’s contemporary foreign policy, stretching across the Belt and Road Initiative, the South China Sea disputes, and even the alarming, if improbable, scenario of a potential conflict with the United States, which has initiated a policy of maritime encirclement around China’s periphery, most aptly demonstrated by the new AUKUS deal with Australia and the United Kingdom.
Access to and supply of energy is one of the most important considerations in international strategy. Energy essentially functions as the nervous system for all elements of a country – without it there is no industry, no transport, no military and minimal ability for a society to function.
Without access to a means of generating electricity or attaining oil, a country is to all intents and purposes living in the Middle Ages. In the modern world, access to a stable, invulnerable supply of energy resources can be the difference between winning and losing a war.
In World War II, for example, one of the reasons Britain was able to hold out was because it was self-sufficient in coal reserves, and with the US on the western flank of the Atlantic, it was not cut off from oil imports either. In contrast, Nazi Germany, the continental-based enemy, was in a geographically vulnerable position and had all but lost the war once the Soviet Union overran the European oilfields of Hungary and Romania, crippling its war machine. ‘Energy security’ is an important criterion of a country’s strategic strength and power projection.
China is not blessed with many advantages in this domain. It has the world’s largest population and even though it has its own oil reserves, these do not satisfy domestic demand. And a pressing concern has been that the bulk of its energy imports – whether coal or oil – are imported via its maritime periphery, which is increasingly vulnerable as it is surrounded by hostile states.
As referenced in declassified documents from the Trump administration on America’s Indo-Pacific Strategy, the US’ objective in a conflict scenario would be to prevent China dominating the first and second island chains, which would amount to an attempt at maritime containment.
The current coal crisis illustrates squarely why this is a huge strategic vulnerability for China, because you can imagine what would happen if that supply of coal – or even oil – was completely cut off. Beijing has long been planning a contingency for this potential scenario, and this is why it has focused on alternative transcontinental routes through the Belt and Road Initiative, including in Pakistan, Myanmar, Laos, Thailand, Russia and Kazakhstan. It also explains why China is strengthening its military grip over the South China Sea, which contains abundant oil reserves, as well as doubling down on nuclear power and renewable energy patents. In a nutshell, China hopes to diversify its energy routes, and also become more energy independent. Beijing sees this as critical.
But the coal crisis reveals the extent of the work that is yet to be done. Despite China’s pledges to reduce carbon emissions, its heavy industries and power stations continue to be dependent on coal. More than that, enormous amounts of it are being imported from the US, too. China has banned coal from Australia as part of its ongoing dispute with Canberra, which some might argue has hardly helped in the current crisis.
Now Beijing has commanded all coal mines within the country to maximize their output in order to drive down the price with increased supply, and is also accelerating imports. It seems obvious from these policies that climate considerations will be sacrificed in the short term because of fears of a negative impact on economic growth in the long term.
On the other hand, China could simply raise electricity bills to offset the rise in commodity prices as opposed to cutting production – yet that itself is a strain on the economy. The country’s power bills continue to be significantly cheaper than the likes of Britain, where all the infrastructure is privately owned and run for profit.
Also on rt.com In picking up the phone to Xi Jinping, has Biden just blinked first in the great showdown between America and China?
In conclusion, it is clear that energy continues to be one of China’s potential weaknesses – a product of the country’s demographic and geographic realities. The coal crisis has arrived at a timely moment, with the US and its allies stepping up the potential military threat to the country, intensifying the urgency for China to find its way out of relying on the world’s signature fossil fuel and address the challenge of satisfying the growing power needs of the world’s biggest industrial hub.
It won’t be easy for sure, but how it handles these issues will help define how it offsets the challenge posed by the US – and that’s why energy has become one of the country’s biggest foreign policy considerations.",3,Climate,Unreliable,OK,,,,"Access to energy has become one of China’s major foreign policy considerations and recent events show why – it simply doesn’t have sufficient resources of its own to power what has become the world’s largest industrial hub.
The headlines have been stark in recent days: regions of China have been suffering from power shortages, with local governments being forced to ration electricity due to a lack of coal and increased demand pushing prices up.
The crisis is also a product of a power system fuelled by government subsidies that operate on a not-for-profit basis, alleviating the pressure on bill payers. This means that when commodity prices surge, they start making massive losses and so have to cut supply.
The problem shines a light on one of China’s biggest headaches – ensuring there is enough affordable power for a mega-industrial nation of more than 1.4 billion people, with demand soaring year after year as the country has grown.
And so the need for energy has become one of the biggest strategic motivations behind China’s contemporary foreign policy, stretching across the Belt and Road Initiative, the South China Sea disputes, and even the alarming, if improbable, scenario of a potential conflict with the United States, which has initiated a policy of maritime encirclement around China’s periphery, most aptly demonstrated by the new AUKUS deal with Australia and the United Kingdom.
Access to and supply of energy is one of the most important considerations in international strategy. Energy essentially functions as the nervous system for all elements of a country – without it there is no industry, no transport, no military and minimal ability for a society to function.
Without access to a means of generating electricity or attaining oil, a country is to all intents and purposes living in the Middle Ages. In the modern world, access to a stable, invulnerable supply of energy resources can be the difference between winning and losing a war.
In World War II, for example, one of the reasons Britain was able to hold out was because it was self-sufficient in coal reserves, and with the US on the western flank of the Atlantic, it was not cut off from oil imports either. In contrast, Nazi Germany, the continental-based enemy, was in a geographically vulnerable position and had all but lost the war once the Soviet Union overran the European oilfields of Hungary and Romania, crippling its war machine. ‘Energy security’ is an important criterion of a country’s strategic strength and power projection.
China is not blessed with many advantages in this domain. It has the world’s largest population and even though it has its own oil reserves, these do not satisfy domestic demand. And a pressing concern has been that the bulk of its energy imports – whether coal or oil – are imported via its maritime periphery, which is increasingly vulnerable as it is surrounded by hostile states.
As referenced in declassified documents from the Trump administration on America’s Indo-Pacific Strategy, the US’ objective in a conflict scenario would be to prevent China dominating the first and second island chains, which would amount to an attempt at maritime containment.
The current coal crisis illustrates squarely why this is a huge strategic vulnerability for China, because you can imagine what would happen if that supply of coal – or even oil – was completely cut off. Beijing has long been planning a contingency for this potential scenario, and this is why it has focused on alternative transcontinental routes through the Belt and Road Initiative, including in Pakistan, Myanmar, Laos, Thailand, Russia and Kazakhstan. It also explains why China is strengthening its military grip over the South China Sea, which contains abundant oil reserves, as well as doubling down on nuclear power and renewable energy patents. In a nutshell, China hopes to diversify its energy routes, and also become more energy independent. Beijing sees this as critical.
But the coal crisis reveals the extent of the work that is yet to be done. Despite China’s pledges to reduce carbon emissions, its heavy industries and power stations continue to be dependent on coal. More than that, enormous amounts of it are being imported from the US, too. China has banned coal from Australia as part of its ongoing dispute with Canberra, which some might argue has hardly helped in the current crisis.
Now Beijing has commanded all coal mines within the country to maximize their output in order to drive down the price with increased supply, and is also accelerating imports. It seems obvious from these policies that climate considerations will be sacrificed in the short term because of fears of a negative impact on economic growth in the long term.
On the other hand, China could simply raise electricity bills to offset the rise in commodity prices as opposed to cutting production – yet that itself is a strain on the economy. The country’s power bills continue to be significantly cheaper than the likes of Britain, where all the infrastructure is privately owned and run for profit.
Also on rt.com In picking up the phone to Xi Jinping, has Biden just blinked first in the great showdown between America and China?
In conclusion, it is clear that energy continues to be one of China’s potential weaknesses – a product of the country’s demographic and geographic realities. The coal crisis has arrived at a timely moment, with the US and its allies stepping up the potential military threat to the country, intensifying the urgency for China to find its way out of relying on the world’s signature fossil fuel and address the challenge of satisfying the growing power needs of the world’s biggest industrial hub.
It won’t be easy for sure, but how it handles these issues will help define how it offsets the challenge posed by the US – and that’s why energy has become one of the country’s biggest foreign policy considerations."
www.bbc.com,economics,2020,3,Reliable,"Italy was the first European country to report a major surge in cases of the coronavirus, with numbers quickly climbing into the hundreds.
The authorities have responded with travel restrictions in the north of the country that are bound to hit the economy.
So far, a number of towns in Lombardy in northern Italy have been locked down, with very limited numbers of people being allowed in or out.
That matters, because northern Italy is the country's industrial powerhouse. Lombardy alone accounts for 40% of Italian industrial output. Milan is Italy's key centre for finance and a range of other services.
Milan is not one of the areas covered by the shutdown. But even so, major tourist and cultural sites such as the cathedral (the Duomo) and the opera house La Scala have been closed.
Milan is also one of the world's major fashion centres. Fashion Week in late February did survive - after a fashion, as it were - but it was affected. For instance, Giorgio Armani's collection was shown without an audience.
Had the coronavirus arrived a few weeks earlier, it seems likely there would have been much more disruption to this major event in Milan's calendar.
There is some debate about whether the response in Lombardy has been too aggressive. But it is certainly true that public perceptions, well founded or not, translate into decisions about whether to travel or go out that have a real impact on businesses.
Italy has struggled with persistently slow growth for many years. So could this health crisis be the factor that tips the country into another recession?
In 2019, total production of goods and services was approximately the same as it was 15 years earlier. What's more, it was still 4% below the level it reached in 2007, just before the financial crisis.
Unemployment is also a persistent problem, especially among young people. The unemployment rate among under-25s is 28.9%, with only Spain and Greece having higher figures in the EU.
In the last two years, Italy has also had to contend with weaker global growth and a slowdown in international trade. In the final quarter of last year, GDP fell by 0.3%.
""GDP will almost certainly shrink this quarter as well, so Italy will technically be in a recession [often defined as two consecutive quarters of declining GDP]. It will probably shrink for the whole year,"" he says.
It is true that even without the virus, another contraction in the current quarter would have been a distinct possibility. But the odds have strengthened now that economic activity will be hit by the health crisis.
How severe it will be for Italy obviously depends on the unknowable (at this stage) course of the disease.
How it affects tourism will be an important factor. This is not the main season, apart from skiing in the mountains. The areas affected so far are not the main tourist areas. But as the summer approaches and if the virus spreads to other areas of Italy, that could change.
Already some flights to northern Italy have been cancelled. EasyJet, for example, said it was a response to ""softening demand"" - in other words, people choosing not to go there.
Prof Perotti thinks that tourist numbers will go to almost zero in the near future. And even if the virus problem goes away by the summer, the industry won't quickly get back to normal. ""Tourism,"" he says, ""has a long memory.""
He thinks the overall impact on Italy will depend to a large extent on how the big economies react, notably the US and Germany.
The message from Prime Minister Giuseppe Conte is: ""It's time to stop the panic."" He has called on the national broadcaster to tone down its coverage.
One consequence of Italy's protracted sluggishness has been stretched government finances. Its government debt is equivalent to 133% of GDP.
In the EU, only Greece exceeds that figure. EU rules for the government finances set a target of 60% or less. Several other countries are above that threshold, but Greece and Italy stand out. So Italy could really do without additional stress on its government finances.
Prof Perotti thinks the virus could aggravate that problem: ""The direct cost of the health intervention, I don't think is huge. Now if there is a big recession, the lost revenue from that will be a big issue.""
Weaker economic activity will mean less tax revenue. Prof Perotti thinks the government will use it as an excuse to get more leeway in the continuing discussions that Italy is having with the European Commission about getting its finances into line with the rules.
But Italy probably can't expect very much help from monetary policy, which is in the hands of the European Central Bank. Interest rates are already very low: one of the ECB's main rates is below zero. In any event, Prof Perotti thinks it will only act if ""things get very ugly for the whole of the eurozone"".",3,Covid ,Reliable,OK,,,,"Italy was the first European country to report a major surge in cases of the coronavirus, with numbers quickly climbing into the hundreds.
The authorities have responded with travel restrictions in the north of the country that are bound to hit the economy.
So far, a number of towns in Lombardy in northern Italy have been locked down, with very limited numbers of people being allowed in or out.
That matters, because northern Italy is the country's industrial powerhouse. Lombardy alone accounts for 40% of Italian industrial output. Milan is Italy's key centre for finance and a range of other services.
Milan is not one of the areas covered by the shutdown. But even so, major tourist and cultural sites such as the cathedral (the Duomo) and the opera house La Scala have been closed.
Milan is also one of the world's major fashion centres. Fashion Week in late February did survive - after a fashion, as it were - but it was affected. For instance, Giorgio Armani's collection was shown without an audience.
Had the coronavirus arrived a few weeks earlier, it seems likely there would have been much more disruption to this major event in Milan's calendar.
There is some debate about whether the response in Lombardy has been too aggressive. But it is certainly true that public perceptions, well founded or not, translate into decisions about whether to travel or go out that have a real impact on businesses.
Italy has struggled with persistently slow growth for many years. So could this health crisis be the factor that tips the country into another recession?
In 2019, total production of goods and services was approximately the same as it was 15 years earlier. What's more, it was still 4% below the level it reached in 2007, just before the financial crisis.
Unemployment is also a persistent problem, especially among young people. The unemployment rate among under-25s is 28.9%, with only Spain and Greece having higher figures in the EU.
In the last two years, Italy has also had to contend with weaker global growth and a slowdown in international trade. In the final quarter of last year, GDP fell by 0.3%.
""GDP will almost certainly shrink this quarter as well, so Italy will technically be in a recession [often defined as two consecutive quarters of declining GDP]. It will probably shrink for the whole year,"" he says.
It is true that even without the virus, another contraction in the current quarter would have been a distinct possibility. But the odds have strengthened now that economic activity will be hit by the health crisis.
How severe it will be for Italy obviously depends on the unknowable (at this stage) course of the disease.
How it affects tourism will be an important factor. This is not the main season, apart from skiing in the mountains. The areas affected so far are not the main tourist areas. But as the summer approaches and if the virus spreads to other areas of Italy, that could change.
Already some flights to northern Italy have been cancelled. EasyJet, for example, said it was a response to ""softening demand"" - in other words, people choosing not to go there.
Prof Perotti thinks that tourist numbers will go to almost zero in the near future. And even if the virus problem goes away by the summer, the industry won't quickly get back to normal. ""Tourism,"" he says, ""has a long memory.""
He thinks the overall impact on Italy will depend to a large extent on how the big economies react, notably the US and Germany.
The message from Prime Minister Giuseppe Conte is: ""It's time to stop the panic."" He has called on the national broadcaster to tone down its coverage.
One consequence of Italy's protracted sluggishness has been stretched government finances. Its government debt is equivalent to 133% of GDP.
In the EU, only Greece exceeds that figure. EU rules for the government finances set a target of 60% or less. Several other countries are above that threshold, but Greece and Italy stand out. So Italy could really do without additional stress on its government finances.
Prof Perotti thinks the virus could aggravate that problem: ""The direct cost of the health intervention, I don't think is huge. Now if there is a big recession, the lost revenue from that will be a big issue.""
Weaker economic activity will mean less tax revenue. Prof Perotti thinks the government will use it as an excuse to get more leeway in the continuing discussions that Italy is having with the European Commission about getting its finances into line with the rules.
But Italy probably can't expect very much help from monetary policy, which is in the hands of the European Central Bank. Interest rates are already very low: one of the ECB's main rates is below zero. In any event, Prof Perotti thinks it will only act if ""things get very ugly for the whole of the eurozone""."
www.theblaze.com,economics,2022,8,Unreliable,"An analysis by real estate company Zillow found that housing prices in the United States had dropped for the first time in a decade after skyrocketing in recent years and driving many out of the market for home ownership.
The report from the online company found that their Zillow Home Value index had fallen by 0.1% from June to July.
""The market is quickly rebalancing. With buyers' purchasing power diminished by nearly two years of double-digit price growth and higher mortgage rates, competition for homes is dropping off,"" the report said.
The fall in pricing came after a report from the National Association of Realtors said that housing sales had cratered 20% from the previous year in July, and 6% from the previous month.
Despite the small decline in pricing, the value of the typical home in the U.S. was 16% above its pricing from last year, or $357,107.
Experts say the sudden rise in real estate loan rates has priced many buyers out of the market and led to less demand for housing.
""This slowdown is about discouraged buyers pulling back after the affordability shock from higher rates. As prices soften, many will renew their interest, and we will continue our progress back to 'normal,'"" said Zillow chief economist Skylar Olsen.
Zillow has also projected that U.S. home prices will increase from 2022 to 2023, but only by 2.4%, far less than they had previously predicted.
A separate analysis by Redfin found that some markets that had experienced a boom during the pandemic had seen a spike in home sellers dropping their prices. Among the worst was Boise, Idaho, and Tampa, Florida.
The Federal Reserve has raised the national baseline rate in an attempt to jolt the economy from spiking inflation from government overspending during the coronavirus pandemic. Fed Chairman Jerome Powell has indicated that they may continue to raise rates in order to prevent the economy from continuing to overheat.
""It is essential that we bring inflation down if we are to have a sustained period of strong labor market conditions that benefit all,"" said Powell in July.
Critics fear the move may shove the nation into a recession, especially since the gross domestic product has decreased in two consecutive quarters, the generally accepted definition of a recession.",3,Economics,Reliable,Ok,,,,"An analysis by real estate company Zillow found that housing prices in the United States had dropped for the first time in a decade after skyrocketing in recent years and driving many out of the market for home ownership.
The report from the online company found that their Zillow Home Value index had fallen by 0.1% from June to July.
""The market is quickly rebalancing. With buyers' purchasing power diminished by nearly two years of double-digit price growth and higher mortgage rates, competition for homes is dropping off,"" the report said.
The fall in pricing came after a report from the National Association of Realtors said that housing sales had cratered 20% from the previous year in July, and 6% from the previous month.
Despite the small decline in pricing, the value of the typical home in the U.S. was 16% above its pricing from last year, or $357,107.
Experts say the sudden rise in real estate loan rates has priced many buyers out of the market and led to less demand for housing.
""This slowdown is about discouraged buyers pulling back after the affordability shock from higher rates. As prices soften, many will renew their interest, and we will continue our progress back to 'normal,'"" said Zillow chief economist Skylar Olsen.
Zillow has also projected that U.S. home prices will increase from 2022 to 2023, but only by 2.4%, far less than they had previously predicted.
A separate analysis by Redfin found that some markets that had experienced a boom during the pandemic had seen a spike in home sellers dropping their prices. Among the worst was Boise, Idaho, and Tampa, Florida.
The Federal Reserve has raised the national baseline rate in an attempt to jolt the economy from spiking inflation from government overspending during the coronavirus pandemic. Fed Chairman Jerome Powell has indicated that they may continue to raise rates in order to prevent the economy from continuing to overheat.
""It is essential that we bring inflation down if we are to have a sustained period of strong labor market conditions that benefit all,"" said Powell in July.
Critics fear the move may shove the nation into a recession, especially since the gross domestic product has decreased in two consecutive quarters, the generally accepted definition of a recession."
www.bbc.com,health,2021,2,Reliable,"The EU says UK-Swedish drug firm AstraZeneca will now supply an additional nine million Covid vaccine doses by March, after days of criticism of the bloc's vaccination programme.
Commission President Ursula von der Leyen said it was a ""step forward"".
But the 40m doses now expected are still only about half of what had been hoped, amid continuing supply problems.
The Commission has been involved in a much-criticised row with both the UK and AstraZeneca this week.
In particular it was condemned over its threat to put checks on the Northern Ireland border to prevent vaccines produced in the EU from reaching the UK.
The border was one of the most difficult problems to overcome in the recently agreed Brexit deal, following the UK's departure from the EU.
The EU was angry that Britain was getting its UK-made contracted supplies from AstraZeneca while it suffered a shortfall. So the bloc announced it was introducing export controls on coronavirus vaccines made inside the EU to try to protect its supplies. The Brexit deal ensures there are no obstacles to trade between the Republic of Ireland and Northern Ireland .
What is the EU chief promising?
In a tweet, Ms von der Leyen said AstraZeneca would ""deliver 9 million additional doses in the first quarter (40 million in total) compared to last week's offer & will start deliveries one week earlier than scheduled"".
She said this represented a 30% increase on the previous amount.
Irish broadcaster RTE is reporting that the country will get another 100,000 doses as a result.
The EU signed a deal in August for 300 million AstraZeneca doses, with an option for 100 million more.
It was hoped 80 million would be delivered in the first quarter of 2021 - although other sources had put the figure at 100 million - but AstraZeneca said there were production problems at its Dutch and Belgian plants. Media reported this would mean a 60% cut in supplies to the end of March.
There followed a terse exchange between the two parties on contractual obligations, the EU arguing it was binding and the drug firm saying it had only to provide its ""best reasonable efforts"". The contract between the two was partly published as both tried to win the argument.
The Commission pointed out it could be supplied from UK-based plants, but the UK staunchly defended its supply contracts with AstraZeneca.
The UK was the first country to approve the vaccine, on 30 December - the EU only did so on Friday.
The EU, also on Friday, announced its so-called transparency mechanism, which gives countries in the bloc powers to deny authorisation for vaccine exports if the company making them has not honoured existing contracts with the EU.
The EU's attempt to apply measures to the Irish border was widely condemned, and the heads of the UK- and Europe-wide industry bodies warned against export bans.
The EU stepped back and, in a call with Prime Minister Boris Johnson, Ursula Von Der Leyen said that ""there will be no disruption of contracts that we have with any producer in the EU"".
So what has been achieved?
In addition to her announcement on the doses, Ms Von Der Leyen said she had had a video-conference with vaccine manufacturers.
In an earlier tweet she spoke of ""our new initiative to strengthen bio-defence preparedness"", adding: ""We're discussing how to address Covid-19 variants & scale up manufacturing, be better prepared for future pandemics.""
There was no reference to the talk earlier in the week of legal action and ""hijacking"" of supplies. The BBC's Kevin Connolly says this was a curiously flat and bland conclusion to a week of stormy rhetoric.
The additional doses announcement will be greeted with relief in Brussels, our correspondent says, but it still leaves the European Commission facing awkward questions about how its signing of supply contracts and approval processes have lagged behind those of other wealthy nations.
Even Ms Von Der Leyen's reference to AstraZeneca expanding its production in Europe and the earlier supply date were partly signalled by the firm last week.
But she said on Sunday that the EU was maintaining its ""target of vaccinating 70% of adults by the end of summer"".
""Our opponent is the virus and the pharmaceutical industry is part of the solution,"" Ms Von Der Leyen told German public broadcaster ZDF.
Remember just how long and difficult the Brexit negotiations were in reaching an agreement on Northern Ireland? Think about how often the EU lectured the UK government about the importance of respecting the detail of the arrangement; how peace in Northern Ireland was at stake.
Yet the impression the European Commission gave on Friday - however incorrect or unintended, which is what it insists - is that those concerns could be thrown aside in a heartbeat.",3,Covid ,Reliable,OK,,,,"The EU says UK-Swedish drug firm AstraZeneca will now supply an additional nine million Covid vaccine doses by March, after days of criticism of the bloc's vaccination programme.
Commission President Ursula von der Leyen said it was a ""step forward"".
But the 40m doses now expected are still only about half of what had been hoped, amid continuing supply problems.
The Commission has been involved in a much-criticised row with both the UK and AstraZeneca this week.
In particular it was condemned over its threat to put checks on the Northern Ireland border to prevent vaccines produced in the EU from reaching the UK.
The border was one of the most difficult problems to overcome in the recently agreed Brexit deal, following the UK's departure from the EU.
The EU was angry that Britain was getting its UK-made contracted supplies from AstraZeneca while it suffered a shortfall. So the bloc announced it was introducing export controls on coronavirus vaccines made inside the EU to try to protect its supplies. The Brexit deal ensures there are no obstacles to trade between the Republic of Ireland and Northern Ireland .
What is the EU chief promising?
In a tweet, Ms von der Leyen said AstraZeneca would ""deliver 9 million additional doses in the first quarter (40 million in total) compared to last week's offer & will start deliveries one week earlier than scheduled"".
She said this represented a 30% increase on the previous amount.
Irish broadcaster RTE is reporting that the country will get another 100,000 doses as a result.
The EU signed a deal in August for 300 million AstraZeneca doses, with an option for 100 million more.
It was hoped 80 million would be delivered in the first quarter of 2021 - although other sources had put the figure at 100 million - but AstraZeneca said there were production problems at its Dutch and Belgian plants. Media reported this would mean a 60% cut in supplies to the end of March.
There followed a terse exchange between the two parties on contractual obligations, the EU arguing it was binding and the drug firm saying it had only to provide its ""best reasonable efforts"". The contract between the two was partly published as both tried to win the argument.
The Commission pointed out it could be supplied from UK-based plants, but the UK staunchly defended its supply contracts with AstraZeneca.
The UK was the first country to approve the vaccine, on 30 December - the EU only did so on Friday.
The EU, also on Friday, announced its so-called transparency mechanism, which gives countries in the bloc powers to deny authorisation for vaccine exports if the company making them has not honoured existing contracts with the EU.
The EU's attempt to apply measures to the Irish border was widely condemned, and the heads of the UK- and Europe-wide industry bodies warned against export bans.
The EU stepped back and, in a call with Prime Minister Boris Johnson, Ursula Von Der Leyen said that ""there will be no disruption of contracts that we have with any producer in the EU"".
So what has been achieved?
In addition to her announcement on the doses, Ms Von Der Leyen said she had had a video-conference with vaccine manufacturers.
In an earlier tweet she spoke of ""our new initiative to strengthen bio-defence preparedness"", adding: ""We're discussing how to address Covid-19 variants & scale up manufacturing, be better prepared for future pandemics.""
There was no reference to the talk earlier in the week of legal action and ""hijacking"" of supplies. The BBC's Kevin Connolly says this was a curiously flat and bland conclusion to a week of stormy rhetoric.
The additional doses announcement will be greeted with relief in Brussels, our correspondent says, but it still leaves the European Commission facing awkward questions about how its signing of supply contracts and approval processes have lagged behind those of other wealthy nations.
Even Ms Von Der Leyen's reference to AstraZeneca expanding its production in Europe and the earlier supply date were partly signalled by the firm last week.
But she said on Sunday that the EU was maintaining its ""target of vaccinating 70% of adults by the end of summer"".
""Our opponent is the virus and the pharmaceutical industry is part of the solution,"" Ms Von Der Leyen told German public broadcaster ZDF.
Remember just how long and difficult the Brexit negotiations were in reaching an agreement on Northern Ireland? Think about how often the EU lectured the UK government about the importance of respecting the detail of the arrangement; how peace in Northern Ireland was at stake.
Yet the impression the European Commission gave on Friday - however incorrect or unintended, which is what it insists - is that those concerns could be thrown aside in a heartbeat."
